"Date","Adjusted","Opening","High","Low","Close","Volume"
2021-08-30,297.583831787109,301.119995117188,304.220001220703,301.059997558594,303.589996337891,16348100
2021-08-31,295.907653808594,304.420013427734,304.5,301.5,301.880004882812,26285300
2021-09-01,295.858612060547,302.869995117188,305.190002441406,301.489990234375,301.829986572266,18983800
2021-09-02,295.192047119141,302.200012207031,303.359985351562,300.179992675781,301.149993896484,16285600
2021-09-03,295.182342529297,300.989990234375,302.600006103516,300.260009765625,301.140014648438,14747900
2021-09-07,294.241271972656,301.010009765625,301.089996337891,298.200012207031,300.179992675781,17180400
2021-09-08,294.270690917969,299.779998779297,300.609985351562,297.470001220703,300.209991455078,15046800
2021-09-09,291.369262695312,300.820007324219,302.140014648438,297,297.25,19927000
2021-09-10,289.859649658203,298.420013427734,299.920013427734,295.380004882812,295.709991455078,19633400
2021-09-13,291.114379882812,297.549987792969,298.540008544922,294.079986572266,296.989990234375,23652900
2021-09-14,293.859008789062,299.559997558594,301.390014648438,298.100006103516,299.790008544922,21853400
2021-09-15,298.789459228516,303.260009765625,305.320007324219,301.820007324219,304.820007324219,28356300
2021-09-16,299.181549072266,303.760009765625,305.309997558594,300.760009765625,305.220001220703,19550800
2021-09-17,293.937377929688,304.170013427734,304.5,299.529998779297,299.869995117188,41372500
2021-09-20,288.477600097656,296.329986572266,298.720001220703,289.519989013672,294.299987792969,38278700
2021-09-21,288.967681884766,295.690002441406,297.540008544922,294.070007324219,294.799987792969,22364100
2021-09-22,292.672912597656,296.730010986328,300.220001220703,294.510009765625,298.579986572266,26626300
2021-09-23,293.633544921875,298.850006103516,300.899993896484,297.529998779297,299.559997558594,18604600
2021-09-24,293.427703857422,298.230010986328,299.799987792969,296.929992675781,299.350006103516,14999000
2021-09-27,288.350250244141,296.140014648438,296.470001220703,292.940002441406,294.170013427734,23571700
2021-09-28,277.910888671875,289.799987792969,290.779998779297,282.75,283.519989013672,43186200
2021-09-29,278.381378173828,285.100006103516,286.769989013672,283.010009765625,284,26353700
2021-09-30,276.342529296875,285.709991455078,287.829986572266,281.619995117188,281.920013427734,32343600
2021-10-01,283.380493164062,282.119995117188,289.980010986328,281.290008544922,289.100006103516,30086300
2021-10-04,277.508972167969,287.399993896484,287.75,280.25,283.109985351562,31350700
2021-10-05,283.047241210938,284.049987792969,290.399993896484,284.049987792969,288.760009765625,24993000
2021-10-06,287.311187744141,285.779998779297,293.630004882812,285.510009765625,293.109985351562,28002600
2021-10-07,289.016723632812,295.179992675781,296.640014648438,293.920013427734,294.850006103516,20430500
2021-10-08,289.016723632812,296.220001220703,296.640014648438,293.760009765625,294.850006103516,17685700
2021-10-11,288.409027099609,292.920013427734,297.970001220703,292.75,294.230010986328,19298600
2021-10-12,287.085723876953,295.339996337891,295.440002441406,292.350006103516,292.880004882812,17974100
2021-10-13,290.447814941406,294.910003662109,297.279998779297,293.489990234375,296.309997558594,23416300
2021-10-14,296.760406494141,299.209991455078,303.269989013672,297.829986572266,302.75,27262900
2021-10-15,298.191558837891,302.339996337891,304.450012207031,300.519989013672,304.209991455078,25384800
2021-10-18,301.210662841797,303.570007324219,308.209991455078,302.690002441406,307.290008544922,22729300
2021-10-19,302.132019042969,308.350006103516,309.299987792969,307.220001220703,308.230010986328,17682100
2021-10-20,301.328247070312,309.209991455078,309.700012207031,306.109985351562,307.410003662109,16537100
2021-10-21,304.611938476562,307.170013427734,311.019989013672,306.359985351562,310.760009765625,16918100
2021-10-22,303.043670654297,310.399993896484,311.089996337891,307.799987792969,309.160003662109,17449300
2021-10-25,302.033996582031,309.359985351562,309.399993896484,306.459991455078,308.130004882812,17554500
2021-10-26,303.974822998047,311,312.399993896484,308.600006103516,310.109985351562,28107300
2021-10-27,316.776428222656,316,326.100006103516,316,323.170013427734,52588700
2021-10-28,317.933074951172,324.329986572266,324.869995117188,321.359985351562,324.350006103516,26297900
2021-10-29,325.059234619141,324.130004882812,332,323.899993896484,331.619995117188,34766000
2021-11-01,322.853790283203,331.359985351562,331.489990234375,326.369995117188,329.369995117188,27073200
2021-11-02,326.539367675781,330.309997558594,333.450012207031,330,333.130004882812,26487100
2021-11-03,327.392150878906,333.899993896484,334.899993896484,330.649993896484,334,21500100
2021-11-04,329.783966064453,332.890014648438,336.540008544922,329.510009765625,336.440002441406,23992200
2021-11-05,329.411468505859,338.510009765625,338.790008544922,334.420013427734,336.059997558594,22570100
2021-11-08,330.323028564453,337.299987792969,337.649993896484,334.440002441406,336.989990234375,20897000
2021-11-09,329.303619384766,337.109985351562,338.720001220703,334.529998779297,335.950012207031,21307400
2021-11-10,324.255493164062,334.570007324219,334.630004882812,329.920013427734,330.799987792969,25500900
2021-11-11,325.853240966797,331.25,333.769989013672,330.510009765625,332.429992675781,16849800
2021-11-12,330.058349609375,333.920013427734,337.230010986328,333.790008544922,336.720001220703,23831000
2021-11-15,329.421264648438,337.540008544922,337.880004882812,334.029998779297,336.070007324219,16723000
2021-11-16,332.793182373047,335.679992675781,340.670013427734,335.510009765625,339.510009765625,20886800
2021-11-17,333.01904296875,338.940002441406,342.190002441406,338,339.119995117188,19053400
2021-11-18,335.130340576172,338.179992675781,342.450012207031,337.119995117188,341.269989013672,22463500
2021-11-19,336.937225341797,342.640014648438,345.100006103516,342.200012207031,343.109985351562,21963400
2021-11-22,333.716278076172,344.619995117188,349.670013427734,339.549987792969,339.829986572266,31031100
2021-11-23,331.604919433594,337.049987792969,339.450012207031,333.559997558594,337.679992675781,30427600
2021-11-24,331.830780029297,336.279998779297,338.160003662109,333.910003662109,337.910003662109,21661300
2021-11-26,323.748840332031,334.350006103516,337.929992675781,328.119995117188,329.679992675781,24217200
2021-11-29,330.573822021484,334.940002441406,339.029998779297,334.739990234375,336.630004882812,28563500
2021-11-30,324.642486572266,335.320007324219,337.779998779297,328.989990234375,330.589996337891,42885600
2021-12-01,324.141632080078,335.130004882812,339.279998779297,329.390014648438,330.079986572266,33337600
2021-12-02,323.562286376953,330.299987792969,333.489990234375,327.799987792969,329.489990234375,30766000
2021-12-03,317.198883056641,331.989990234375,332.700012207031,318.029998779297,323.010009765625,41779300
2021-12-06,320.321685791016,323.950012207031,327.450012207031,319.230010986328,326.190002441406,30032600
2021-12-07,328.894622802734,331.640014648438,335.799987792969,330.100006103516,334.920013427734,31021900
2021-12-08,328.943695068359,335.309997558594,335.5,330.799987792969,334.970001220703,24761000
2021-12-09,327.107299804688,334.410003662109,336.489990234375,332.119995117188,333.100006103516,22214200
2021-12-10,336.377502441406,334.980010986328,343,334.790008544922,342.540008544922,38095700
2021-12-13,333.293975830078,340.679992675781,343.790008544922,339.079986572266,339.399993896484,28899400
2021-12-14,322.433013916016,333.220001220703,334.640014648438,324.109985351562,328.339996337891,44438700
2021-12-15,328.629425048828,328.609985351562,335.190002441406,324.5,334.649993896484,35381100
2021-12-16,319.054809570312,335.709991455078,336.760009765625,323.019989013672,324.899993896484,35034800
2021-12-17,317.974639892578,320.880004882812,324.920013427734,317.25,323.799987792969,47750300
2021-12-20,314.154663085938,320.049987792969,322.799987792969,317.570007324219,319.910003662109,28326500
2021-12-21,321.40185546875,323.290008544922,327.730010986328,319.799987792969,327.290008544922,24740600
2021-12-22,327.20556640625,328.299987792969,333.609985351562,325.75,333.200012207031,24831500
2021-12-23,328.668731689453,332.75,336.390014648438,332.730010986328,334.690002441406,19617800
2021-12-27,336.289093017578,335.459991455078,342.480010986328,335.429992675781,342.450012207031,19947000
2021-12-28,335.110717773438,343.149993896484,343.809997558594,340.320007324219,341.25,15661500
2021-12-29,335.798156738281,341.299987792969,344.299987792969,339.679992675781,341.950012207031,15042000
2021-12-30,333.215454101562,341.910003662109,343.130004882812,338.820007324219,339.320007324219,15994500
2021-12-31,330.269439697266,338.510009765625,339.359985351562,335.850006103516,336.320007324219,18000800
2022-01-03,328.727661132812,335.350006103516,338,329.779998779297,334.75,28865100
2022-01-04,323.090942382812,334.829986572266,335.200012207031,326.119995117188,329.010009765625,32674300
2022-01-05,310.688171386719,325.859985351562,326.070007324219,315.980010986328,316.380004882812,40054300
2022-01-06,308.233154296875,313.149993896484,318.700012207031,311.489990234375,313.880004882812,39646100
2022-01-07,308.390258789062,314.149993896484,316.5,310.089996337891,314.040008544922,32720000
2022-01-10,308.616088867188,309.489990234375,314.720001220703,304.690002441406,314.269989013672,44289500
2022-01-11,309.313354492188,313.380004882812,316.609985351562,309.890014648438,314.980010986328,29386800
2022-01-12,312.544097900391,319.670013427734,323.410003662109,317.079986572266,318.269989013672,34372200
2022-01-13,299.316467285156,320.470001220703,320.880004882812,304,304.799987792969,45366000
2022-01-14,304.619354248047,304.25,310.820007324219,303.75,310.200012207031,39846400
2022-01-18,297.205139160156,304.070007324219,309.799987792969,301.739990234375,302.649993896484,42333200
2022-01-19,297.872955322266,306.290008544922,313.910003662109,302.700012207031,303.329986572266,45933900
2022-01-20,296.174072265625,309.070007324219,311.649993896484,301.140014648438,301.600006103516,35380700
2022-01-21,290.704254150391,302.690002441406,304.109985351562,295.609985351562,296.029998779297,57984400
2022-01-24,291.0380859375,292.200012207031,297.109985351562,276.049987792969,296.369995117188,85731500
2022-01-25,283.299835205078,291.519989013672,294.989990234375,285.170013427734,288.489990234375,72848600
2022-01-26,291.372009277344,307.989990234375,308.5,293.029998779297,296.709991455078,90428900
2022-01-27,294.445709228516,302.660003662109,307.299987792969,297.929992675781,299.839996337891,53481300
2022-01-28,302.714263916016,300.230010986328,308.480010986328,294.450012207031,308.260009765625,49743700
2022-01-31,305.385345458984,308.950012207031,312.380004882812,306.369995117188,310.980010986328,46444500
2022-02-01,303.205261230469,310.410003662109,310.630004882812,305.130004882812,308.760009765625,40950400
2022-02-02,307.820678710938,309.630004882812,315.119995117188,308.880004882812,313.459991455078,36636000
2022-02-03,295.830352783203,309.489990234375,311.230010986328,299.959991455078,301.25,43730000
2022-02-04,300.435974121094,300.209991455078,308.799987792969,299.970001220703,305.940002441406,35096500
2022-02-07,295.535736083984,306.170013427734,307.839996337891,299.899993896484,300.950012207031,28533300
2022-02-08,299.080780029297,301.25,305.559997558594,299.950012207031,304.559997558594,32421200
2022-02-09,305.611145019531,309.869995117188,311.929992675781,307.390014648438,311.209991455078,31284700
2022-02-10,296.940063476562,304.040008544922,309.119995117188,300.700012207031,302.380004882812,45386200
2022-02-11,289.732055664062,303.190002441406,304.290008544922,294.220001220703,295.040008544922,39175600
2022-02-14,289.692840576172,293.769989013672,296.760009765625,291.350006103516,295,36359500
2022-02-15,295.064422607422,300.010009765625,300.799987792969,297.019989013672,300.470001220703,27058300
2022-02-16,294.719970703125,298.369995117188,300.869995117188,293.679992675781,299.5,29982100
2022-02-17,286.089935302734,296.359985351562,296.799987792969,290,290.730010986328,32461600
2022-02-18,283.334655761719,293.049987792969,293.859985351562,286.309997558594,287.929992675781,34264000
2022-02-22,283.127960205078,285,291.540008544922,284.5,287.720001220703,41736100
2022-02-23,275.796813964844,290.179992675781,291.700012207031,280.100006103516,280.269989013672,37811200
2022-02-24,289.888336181641,272.510009765625,295.160003662109,271.519989013672,294.589996337891,56989700
2022-02-25,292.564910888672,295.140014648438,297.630004882812,291.649993896484,297.309997558594,32546700
2022-02-28,294.021270751953,294.309997558594,299.140014648438,293,298.790008544922,34627500
2022-03-01,290.242584228516,296.399993896484,299.970001220703,292.149993896484,294.950012207031,31217800
2022-03-02,295.39892578125,295.359985351562,301.470001220703,293.700012207031,300.190002441406,31873000
2022-03-03,291.197113037109,302.890014648438,303.130004882812,294.049987792969,295.920013427734,27314500
2022-03-04,285.233795166016,294.290008544922,295.660003662109,287.170013427734,289.859985351562,32356500
2022-03-07,274.458587646484,288.529998779297,289.690002441406,278.529998779297,278.910003662109,43157200
2022-03-08,271.447387695312,277.799987792969,283.959991455078,270,275.850006103516,48159500
2022-03-09,283.895538330078,283.440002441406,289.600006103516,280.779998779297,288.5,35204500
2022-03-10,281.031982421875,283.019989013672,286.600006103516,280.579986572266,285.589996337891,30628000
2022-03-11,275.600067138672,287.959991455078,289.510009765625,279.429992675781,280.070007324219,27209300
2022-03-14,272.028015136719,280.339996337891,285.399993896484,275.820007324219,276.440002441406,30660700
2022-03-15,282.567077636719,280.350006103516,287.820007324219,278.730010986328,287.149993896484,34245100
2022-03-16,289.691558837891,289.109985351562,294.570007324219,283.200012207031,294.390014648438,37826300
2022-03-17,290.508270263672,293.290008544922,295.609985351562,289.369995117188,295.220001220703,30816600
2022-03-18,295.635131835938,295.369995117188,301,292.730010986328,300.429992675781,43390600
2022-03-21,294.385437011719,298.890014648438,300.140014648438,294.899993896484,299.160003662109,28351200
2022-03-22,299.207183837891,299.799987792969,305,298.769989013672,304.059997558594,27599700
2022-03-23,294.710083007812,300.510009765625,303.230010986328,297.720001220703,299.489990234375,25715400
2022-03-24,299.24658203125,299.140014648438,304.200012207031,298.320007324219,304.100006103516,24484500
2022-03-25,298.833251953125,305.230010986328,305.5,299.290008544922,303.679992675781,22566500
2022-03-28,305.741241455078,304.329986572266,310.799987792969,304.329986572266,310.700012207031,29578200
2022-03-29,310.376007080078,313.910003662109,315.820007324219,309.049987792969,315.410003662109,30393400
2022-03-30,308.850769042969,313.760009765625,315.950012207031,311.579986572266,313.859985351562,28163600
2022-03-31,303.389373779297,313.899993896484,315.140014648438,307.890014648438,308.309997558594,33422100
2022-04-01,304.481658935547,309.369995117188,310.130004882812,305.540008544922,309.420013427734,27110500
2022-04-04,309.943084716797,310.089996337891,315.109985351562,309.709991455078,314.970001220703,24289600
2022-04-05,305.918304443359,313.269989013672,314.869995117188,309.869995117188,310.880004882812,23156700
2022-04-06,294.719970703125,305.190002441406,307,296.709991455078,299.5,40110400
2022-04-07,296.560119628906,296.660003662109,303.649993896484,296.350006103516,301.369995117188,31411200
2022-04-08,292.230316162109,300.440002441406,301.119995117188,296.279998779297,296.970001220703,24361900
2022-04-11,280.707275390625,291.790008544922,292.609985351562,285,285.260009765625,34569300
2022-04-12,277.558319091797,289.239990234375,290.739990234375,280.489990234375,282.059997558594,30966700
2022-04-13,283.029541015625,282.730010986328,288.579986572266,281.299987792969,287.619995117188,21907200
2022-04-14,275.363891601562,288.089996337891,288.309997558594,279.320007324219,279.829986572266,28221600
2022-04-18,276.042877197266,278.910003662109,282.459991455078,278.339996337891,280.519989013672,20778000
2022-04-19,280.74658203125,279.380004882812,286.170013427734,278.410003662109,285.299987792969,22297700
2022-04-20,281.789672851562,289.399993896484,289.700012207031,285.369995117188,286.359985351562,22906700
2022-04-21,276.328247070312,288.579986572266,293.299987792969,280.059997558594,280.809997558594,29454600
2022-04-22,269.656463623047,281.679992675781,283.200012207031,273.380004882812,274.029998779297,29405800
2022-04-25,276.239685058594,273.290008544922,281.109985351562,270.769989013672,280.720001220703,35678900
2022-04-26,265.907318115234,277.5,278.359985351562,270,270.220001220703,46518400
2022-04-27,278.699798583984,282.100006103516,290.970001220703,279.160003662109,283.220001220703,63477700
2022-04-28,285.007476806641,285.190002441406,290.980010986328,281.459991455078,289.630004882812,33646600
2022-04-29,273.090759277344,288.609985351562,289.880004882812,276.5,277.519989013672,37073900
2022-05-02,279.929840087891,277.709991455078,284.940002441406,276.220001220703,284.470001220703,35151100
2022-05-03,277.282775878906,283.959991455078,284.130004882812,280.149993896484,281.779998779297,25978600
2022-05-04,285.351898193359,282.589996337891,290.880004882812,276.730010986328,289.980010986328,33599300
2022-05-05,272.923492431641,285.540008544922,286.350006103516,274.339996337891,277.350006103516,43260400
2022-05-06,270.345306396484,274.809997558594,279.25,271.269989013672,274.730010986328,37780300
2022-05-09,260.357299804688,270.059997558594,272.359985351562,263.320007324219,264.579986572266,47726000
2022-05-10,265.198791503906,271.690002441406,273.75,265.070007324219,269.5,39336400
2022-05-11,256.3916015625,265.679992675781,271.359985351562,259.299987792969,260.549987792969,48975900
2022-05-12,251.274612426758,257.690002441406,259.880004882812,250.020004272461,255.350006103516,51033800
2022-05-13,256.952545166016,257.350006103516,263.040008544922,255.350006103516,261.119995117188,34925100
2022-05-16,257.326477050781,259.959991455078,265.820007324219,255.779998779297,261.5,32550900
2022-05-17,262.561553955078,266.109985351562,268.329986572266,262.459991455078,266.820007324219,28828800
2022-05-18,250.607208251953,263,263.600006103516,252.770004272461,254.080001831055,31356000
2022-05-19,249.680053710938,253.899993896484,257.670013427734,251.880004882812,253.139999389648,32692300
2022-05-20,249.107971191406,257.239990234375,258.540008544922,246.440002441406,252.559997558594,39199300
2022-05-23,257.08740234375,255.490005493164,261.5,253.429992675781,260.649993896484,33175400
2022-05-24,256.071502685547,257.890014648438,261.329986572266,253.5,259.619995117188,29043900
2022-05-25,258.931854248047,258.140014648438,264.579986572266,257.130004882812,262.519989013672,28547900
2022-05-26,262.265655517578,262.269989013672,267.109985351562,261.429992675781,265.899993896484,25002100
2022-05-27,269.505340576172,268.480010986328,273.339996337891,267.559997558594,273.239990234375,26910800
2022-05-31,268.154052734375,272.529998779297,274.769989013672,268.929992675781,271.869995117188,37827700
2022-06-01,268.696563720703,275.200012207031,277.690002441406,270.040008544922,272.420013427734,25292200
2022-06-02,270.826995849609,264.450012207031,274.649993896484,261.600006103516,274.579986572266,44008200
2022-06-03,266.329315185547,270.309997558594,273.450012207031,268.410003662109,270.019989013672,28059000
2022-06-06,265.076690673828,272.059997558594,274.179992675781,267.220001220703,268.75,22400300
2022-06-07,268.775451660156,266.640014648438,273.130004882812,265.940002441406,272.5,22860700
2022-06-08,266.713989257812,271.709991455078,273,269.609985351562,270.410003662109,17372300
2022-06-09,261.170867919922,267.779998779297,272.709991455078,264.630004882812,264.790008544922,26439700
2022-06-10,249.532104492188,260.579986572266,260.579986572266,252.529998779297,252.990005493164,31422800
2022-06-13,238.948745727539,245.110000610352,249.020004272461,241.529998779297,242.259994506836,46135800
2022-06-14,241.148300170898,243.860000610352,245.740005493164,241.509994506836,244.490005493164,28651500
2022-06-15,248.318908691406,248.309997558594,255.300003051758,246.419998168945,251.759994506836,33111700
2022-06-16,241.621719360352,245.979995727539,247.419998168945,243.020004272461,244.970001220703,33169200
2022-06-17,244.265075683594,244.699996948242,250.5,244.029998779297,247.649993896484,43084800
2022-06-21,250.271850585938,250.259994506836,254.75,249.509994506836,253.740005493164,29928300
2022-06-22,249.670211791992,251.889999389648,257.170013427734,250.369995117188,253.130004882812,25939900
2022-06-23,255.321868896484,255.570007324219,259.369995117188,253.630004882812,258.859985351562,25861400
2022-06-24,264.041046142578,261.809997558594,267.980010986328,261.720001220703,267.700012207031,33923200
2022-06-27,261.269500732422,268.209991455078,268.299987792969,263.279998779297,264.890014648438,24615100
2022-06-28,252.974411010742,263.980010986328,266.910003662109,256.320007324219,256.480010986328,27295500
2022-06-29,256.702758789062,257.589996337891,261.970001220703,255.759994506836,260.260009765625,20069800
2022-06-30,253.319625854492,257.049987792969,259.529998779297,252.899993896484,256.829986572266,31730900
2022-07-01,256.031982421875,256.390014648438,259.769989013672,254.610000610352,259.579986572266,22837700
2022-07-05,259.257354736328,256.160003662109,262.980010986328,254.740005493164,262.850006103516,22941000
2022-07-06,262.571411132812,263.75,267.989990234375,262.399993896484,266.209991455078,23824400
2022-07-07,264.7314453125,265.119995117188,269.059997558594,265.019989013672,268.399993896484,20859900
2022-07-08,264.001556396484,264.790008544922,268.100006103516,263.290008544922,267.660003662109,19658800
2022-07-11,260.894653320312,265.649993896484,266.529998779297,262.179992675781,264.510009765625,19455200
2022-07-12,250.202819824219,265.880004882812,265.940002441406,252.039993286133,253.669998168945,35868500
2022-07-13,249.265777587891,250.190002441406,253.550003051758,248.110000610352,252.720001220703,29497400
2022-07-14,250.607208251953,250.570007324219,255.139999389648,245.940002441406,254.080001831055,25102800
2022-07-15,253.211120605469,255.720001220703,260.369995117188,254.770004272461,256.720001220703,29774100
2022-07-18,250.774871826172,259.75,260.839996337891,253.300003051758,254.25,20975000
2022-07-19,255.98274230957,257.579986572266,259.720001220703,253.679992675781,259.529998779297,25012600
2022-07-20,258.685302734375,259.899993896484,264.869995117188,258.910003662109,262.269989013672,22788300
2022-07-21,261.220123291016,259.790008544922,264.890014648438,257.029998779297,264.839996337891,22404700
2022-07-22,256.801361083984,265.239990234375,265.329986572266,259.070007324219,260.359985351562,21881300
2022-07-25,255.292251586914,261,261.5,256.809997558594,258.829986572266,21056000
2022-07-26,248.456985473633,259.859985351562,259.880004882812,249.570007324219,251.899993896484,39348000
2022-07-27,265.066833496094,261.160003662109,270.049987792969,258.850006103516,268.739990234375,45994000
2022-07-28,272.632019042969,269.75,277.839996337891,267.869995117188,276.410003662109,33459300
2022-07-29,276.902801513672,277.700012207031,282,276.630004882812,280.739990234375,32152800
2022-08-01,274.210144042969,277.820007324219,281.279998779297,275.839996337891,278.010009765625,21539600
2022-08-02,271.063751220703,276,277.890014648438,272.380004882812,274.820007324219,22754200
2022-08-03,278.609161376953,276.760009765625,283.5,276.609985351562,282.470001220703,23518900
2022-08-04,279.773040771484,281.799987792969,283.799987792969,280.170013427734,283.649993896484,18098700
2022-08-05,279.043151855469,279.149993896484,283.649993896484,278.679992675781,282.910003662109,16774600
2022-08-08,276.488525390625,284.049987792969,285.920013427734,279.320007324219,280.320007324219,18739200
2022-08-09,278.441467285156,279.640014648438,283.079986572266,277.609985351562,282.299987792969,23405200
2022-08-10,285.207733154297,288.170013427734,289.809997558594,286.940002441406,289.160003662109,24687800
2022-08-11,283.096923828125,290.850006103516,291.209991455078,286.510009765625,287.019989013672,20065900
2022-08-12,287.920135498047,288.480010986328,291.910003662109,286.940002441406,291.910003662109,22619700
2022-08-15,289.458862304688,291,294.179992675781,290.109985351562,293.470001220703,18085700
2022-08-16,288.709197998047,291.989990234375,294.040008544922,290.420013427734,292.709991455078,18102900
2022-08-17,287.948120117188,289.739990234375,293.350006103516,289.470001220703,291.320007324219,18253400
2022-08-18,286.811431884766,290.190002441406,291.910003662109,289.079986572266,290.170013427734,17186200
2022-08-19,282.837921142578,288.899993896484,289.25,285.559997558594,286.149993896484,20570000
2022-08-22,274.535186767578,282.079986572266,282.459991455078,277.220001220703,277.75,25061100
2022-08-23,273.240356445312,276.440002441406,278.859985351562,275.399993896484,276.440002441406,17527400
2022-08-24,272.597900390625,275.410003662109,277.230010986328,275.109985351562,275.790008544922,18137000
2022-08-25,275.622467041016,277.329986572266,279.019989013672,274.519989013672,278.850006103516,16583400
2022-08-26,264.986999511719,279.079986572266,280.339996337891,267.980010986328,268.089996337891,27549300
2022-08-29,262.160125732422,265.850006103516,267.399993896484,263.850006103516,265.230010986328,20338500
2022-08-30,259.92626953125,266.670013427734,267.049987792969,260.660003662109,262.970001220703,22767100
2022-08-31,258.443603515625,265.390014648438,267.109985351562,261.329986572266,261.470001220703,24791800
2022-09-01,257.385986328125,258.869995117188,260.890014648438,255.410003662109,260.399993896484,23263400
2022-09-02,253.096221923828,261.700012207031,264.739990234375,254.470001220703,256.059997558594,22855400
2022-09-06,250.318756103516,256.200012207031,257.829986572266,251.940002441406,253.25,21328200
2022-09-07,255.10270690918,254.699996948242,258.829986572266,253.220001220703,258.089996337891,24126700
2022-09-08,255.527770996094,257.510009765625,260.429992675781,254.789993286133,258.519989013672,20319900
2022-09-09,261.398986816406,260.5,265.230010986328,260.290008544922,264.459991455078,22084700
2022-09-12,263.563629150391,265.779998779297,267.450012207031,265.160003662109,266.649993896484,18747700
2022-09-13,249.073333740234,258.839996337891,260.399993896484,251.589996337891,251.990005493164,33353300
2022-09-14,249.300674438477,253.529998779297,254.229995727539,249.860000610352,252.220001220703,23913000
2022-09-15,242.539855957031,249.770004272461,251.399993896484,244.020004272461,245.380004882812,31530900
2022-09-16,241.907257080078,244.259994506836,245.300003051758,242.059997558594,244.740005493164,39791800
2022-09-19,241.689788818359,242.470001220703,245.139999389648,240.850006103516,244.520004272461,26826900
2022-09-20,239.643768310547,242.070007324219,243.509994506836,239.639999389648,242.449996948242,26660300
2022-09-21,236.184265136719,244.270004272461,247.660003662109,238.899993896484,238.949996948242,28625600
2022-09-22,238.190765380859,237.869995117188,243.860000610352,237.570007324219,240.979995727539,31061200
2022-09-23,235.166198730469,239.539993286133,241.130004882812,235.199996948242,237.919998168945,34176000
2022-09-26,234.701614379883,237.050003051758,241.449996948242,236.899993896484,237.449996948242,27694200
2022-09-27,233.673675537109,239.979995727539,241.800003051758,234.5,236.410003662109,27018700
2022-09-28,238.279754638672,236.809997558594,242.330001831055,234.729995727539,241.070007324219,29029700
2022-09-29,234.751037597656,238.889999389648,239.949996948242,234.410003662109,237.5,27484200
2022-09-30,230.204284667969,238.289993286133,240.539993286133,232.729995727539,232.899993896484,35694800
2022-10-03,237.953536987305,235.410003662109,241.610000610352,234.660003662109,240.740005493164,28880400
2022-10-04,245.99934387207,245.089996337891,250.360000610352,244.979995727539,248.880004882812,34888400
2022-10-05,246.315628051758,245.990005493164,250.580001831055,244.100006103516,249.199996948242,20347100
2022-10-06,243.933532714844,247.929992675781,250.339996337891,246.080001831055,246.789993286133,20239900
2022-10-07,231.52880859375,240.899993896484,241.320007324219,233.169998168945,234.240005493164,37769600
2022-10-10,226.596557617188,233.050003051758,234.559997558594,226.729995727539,229.25,29743600
2022-10-11,222.800994873047,227.619995117188,229.059997558594,224.110000610352,225.410003662109,30474000
2022-10-12,223.13703918457,225.399993896484,227.860000610352,223.960006713867,225.75,21903900
2022-10-13,231.52880859375,219.850006103516,236.100006103516,219.130004882812,234.240005493164,42551800
2022-10-14,225.914520263672,235.539993286133,237.240005493164,228.339996337891,228.559997558594,30198600
2022-10-17,234.780700683594,235.820007324219,238.960006713867,235.139999389648,237.529998779297,28142300
2022-10-18,235.739471435547,243.240005493164,243.929992675781,235.369995117188,238.5,26329600
2022-10-19,233.74284362793,237.039993286133,239.610000610352,234.289993286133,236.479995727539,19985700
2022-10-20,233.416656494141,235.770004272461,241.309997558594,234.869995117188,236.149993896484,21811000
2022-10-21,239.31755065918,234.740005493164,243,234.5,242.119995117188,26299700
2022-10-24,244.388198852539,243.759994506836,247.839996337891,241.300003051758,247.25,24911200
2022-10-25,247.758728027344,247.259994506836,251.039993286133,245.830001831055,250.660003662109,34775500
2022-10-26,228.642593383789,231.169998168945,238.300003051758,230.059997558594,231.320007324219,82543200
2022-10-27,224.125473022461,231.039993286133,233.690002441406,225.779998779297,226.75,40424600
2022-10-28,233.139892578125,226.240005493164,236.600006103516,226.050003051758,235.869995117188,40647700
2022-10-31,229.443206787109,233.759994506836,234.919998168945,231.149993896484,232.130004882812,28357300
2022-11-01,225.529052734375,234.600006103516,235.740005493164,227.330001831055,228.169998168945,30592300
2022-11-02,217.552459716797,229.460006713867,231.300003051758,220.039993286133,220.100006103516,38407000
2022-11-03,211.770156860352,220.089996337891,220.410003662109,213.979995727539,214.25,36633900
2022-11-04,218.827529907227,217.550003051758,221.589996337891,213.429992675781,221.389999389648,36789100
2022-11-07,225.232513427734,221.990005493164,228.410003662109,221.279998779297,227.869995117188,33498000
2022-11-08,226.220932006836,228.699996948242,231.649993896484,225.839996337891,228.869995117188,28192500
2022-11-09,221.911407470703,227.369995117188,228.630004882812,224.330001831055,224.509994506836,27852900
2022-11-10,240.167617797852,235.429992675781,243.330001831055,235,242.979995727539,46268000
2022-11-11,244.249816894531,242.990005493164,247.990005493164,241.929992675781,247.110000610352,34620200
2022-11-14,238.754165649414,241.990005493164,243.910003662109,239.210006713867,241.550003051758,31123300
2022-11-15,239.169326782227,245.660003662109,247,240.029998779297,241.970001220703,31390100
2022-11-16,239.605438232422,242.789993286133,243.800003051758,240.419998168945,241.729995727539,24093300
2022-11-17,239.555877685547,237.779998779297,243.25,237.630004882812,241.679992675781,23123500
2022-11-18,239.099914550781,243.509994506836,243.740005493164,239.029998779297,241.220001220703,27613500
2022-11-21,239.922637939453,241.429992675781,244.669998168945,241.190002441406,242.050003051758,26394700
2022-11-22,242.876434326172,243.589996337891,245.309997558594,240.710006713867,245.029998779297,19665700
2022-11-23,245.404037475586,245.110000610352,248.279998779297,244.270004272461,247.580001831055,19508500
2022-11-25,245.314834594727,247.309997558594,248.699996948242,246.729995727539,247.490005493164,9200800
2022-11-28,239.635177612305,246.080001831055,246.649993896484,240.800003051758,241.759994506836,24778200
2022-11-29,238.217742919922,241.399993896484,242.789993286133,238.210006713867,240.330001831055,17956300
2022-11-30,252.897567749023,240.570007324219,255.330001831055,239.860000610352,255.139999389648,47594200
2022-12-01,252.451522827148,253.869995117188,256.119995117188,250.919998168945,254.690002441406,26041500
2022-12-02,252.77864074707,249.820007324219,256.059997558594,249.690002441406,255.020004272461,21528500
2022-12-05,248.000991821289,252.009994506836,253.820007324219,248.059997558594,250.199996948242,23435300
2022-12-06,242.965637207031,250.820007324219,251.860000610352,243.779998779297,245.119995117188,22463700
2022-12-07,242.222244262695,244.830001831055,246.160003662109,242.210006713867,244.369995117188,20481500
2022-12-08,245.2255859375,244.839996337891,248.740005493164,243.059997558594,247.399993896484,22611800
2022-12-09,243.263000488281,244.699996948242,248.309997558594,244.160003662109,245.419998168945,20609700
2022-12-12,250.290679931641,247.449996948242,252.539993286133,247.169998168945,252.509994506836,30665100
2022-12-13,254.66194152832,261.690002441406,263.920013427734,253.070007324219,256.920013427734,42196900
2022-12-14,254.95930480957,257.130004882812,262.589996337891,254.309997558594,257.220001220703,35410900
2022-12-15,246.82145690918,253.720001220703,254.199996948242,247.339996337891,249.009994506836,35560400
2022-12-16,242.539443969727,248.550003051758,249.839996337891,243.509994506836,244.690002441406,86102000
2022-12-19,238.336685180664,244.860000610352,245.210006713867,238.710006713867,240.449996948242,29696400
2022-12-20,239.674835205078,239.399993896484,242.910003662109,238.419998168945,241.800003051758,25150800
2022-12-21,242.281707763672,241.690002441406,245.619995117188,240.110000610352,244.429992675781,23690600
2022-12-22,236.096557617188,241.259994506836,241.990005493164,233.869995117188,238.190002441406,28651700
2022-12-23,236.631790161133,236.110000610352,238.869995117188,233.940002441406,238.729995727539,21207000
2022-12-27,234.877365112305,238.699996948242,238.929992675781,235.830001831055,236.960006713867,16688600
2022-12-28,232.468734741211,236.889999389648,239.720001220703,234.169998168945,234.529998779297,17457100
2022-12-29,238.891754150391,235.649993896484,241.919998168945,235.649993896484,241.009994506836,19770700
2022-12-30,237.71223449707,238.210006713867,239.960006713867,236.660003662109,239.820007324219,21938500
2023-01-03,237.474334716797,243.080001831055,245.75,237.399993896484,239.580001831055,25740000
2023-01-04,227.086441040039,232.279998779297,232.869995117188,225.960006713867,229.100006103516,50623400
2023-01-05,220.35612487793,227.199996948242,227.550003051758,221.759994506836,222.309997558594,39585600
2023-01-06,222.953094482422,223,225.759994506836,219.350006103516,224.929992675781,43613600
2023-01-09,225.123825073242,226.449996948242,231.240005493164,226.410003662109,227.119995117188,27369800
2023-01-10,226.838638305664,227.759994506836,231.309997558594,227.330001831055,228.850006103516,27033900
2023-01-11,233.697830200195,231.289993286133,235.949996948242,231.110000610352,235.770004272461,28669300
2023-01-12,236.41374206543,235.259994506836,239.899993896484,233.559997558594,238.509994506836,27269500
2023-01-13,237.127395629883,237,239.369995117188,234.919998168945,239.229995727539,21333300
2023-01-17,238.237579345703,237.970001220703,240.910003662109,237.089996337891,240.350006103516,29831300
2023-01-18,233.737457275391,241.570007324219,242.380004882812,235.520004272461,235.809997558594,30028700
2023-01-19,229.891571044922,233.779998779297,235.520004272461,230.679992675781,231.929992675781,28623000
2023-01-20,238.10871887207,234.860000610352,240.740005493164,234.509994506836,240.220001220703,35389800
2023-01-23,240.447967529297,241.100006103516,245.169998168945,239.649993896484,242.580001831055,31934000
2023-01-24,239.912719726562,242.5,243.949996948242,240.440002441406,242.039993286133,40234400
2023-01-25,238.49528503418,234.479995727539,243.300003051758,230.899993896484,240.610000610352,66526600
2023-01-26,245.820343017578,243.649993896484,248.309997558594,242,248,33454500
2023-01-27,245.978927612305,248.990005493164,249.830001831055,246.830001831055,248.160003662109,26498900
2023-01-30,240.57682800293,244.509994506836,245.600006103516,242.199996948242,242.710006713867,25867400
2023-01-31,245.63200378418,243.449996948242,247.949996948242,242.949996948242,247.809997558594,26541100
2023-02-01,250.528579711914,248,255.179992675781,245.470001220703,252.75,31259900
2023-02-02,262.274444580078,258.820007324219,264.690002441406,257.25,264.600006103516,39940400
2023-02-03,256.079345703125,259.540008544922,264.200012207031,257.100006103516,258.350006103516,29077300
2023-02-06,254.513244628906,257.440002441406,258.299987792969,254.779998779297,256.769989013672,22518000
2023-02-07,265.208404541016,260.529998779297,268.769989013672,260.079986572266,267.559997558594,50841400
2023-02-08,264.385711669922,273.200012207031,276.760009765625,266.209991455078,266.730010986328,54686000
2023-02-09,261.303039550781,273.799987792969,273.980010986328,262.799987792969,263.619995117188,42375100
2023-02-10,260.787628173828,261.529998779297,264.089996337891,260.660003662109,263.100006103516,25818500
2023-02-13,268.935363769531,267.640014648438,274.600006103516,267.149993896484,271.320007324219,44630900
2023-02-14,269.777923583984,272.670013427734,274.970001220703,269.279998779297,272.170013427734,37047900
2023-02-15,267.621612548828,268.320007324219,270.730010986328,266.179992675781,269.320007324219,28922400
2023-02-16,260.496795654297,264.019989013672,266.739990234375,261.899993896484,262.149993896484,29603600
2023-02-17,256.432586669922,259.390014648438,260.089996337891,256,258.059997558594,30000100
2023-02-21,251.076583862305,254.479995727539,255.490005493164,251.589996337891,252.669998168945,28397400
2023-02-22,249.923904418945,254.089996337891,254.339996337891,250.339996337891,251.509994506836,22491100
2023-02-23,253.163345336914,255.559997558594,256.839996337891,250.479995727539,254.770004272461,29219100
2023-02-24,247.648345947266,249.960006713867,251,248.100006103516,249.220001220703,24990900
2023-02-27,248.582427978516,252.460006713867,252.820007324219,249.389999389648,250.160003662109,21190000
2023-02-28,247.847076416016,249.070007324219,251.490005493164,248.729995727539,249.419998168945,22491000
2023-03-01,244.71696472168,250.759994506836,250.929992675781,245.789993286133,246.270004272461,27565300
2023-03-02,249.526428222656,246.550003051758,251.399993896484,245.610000610352,251.110000610352,24808200
2023-03-03,253.680053710938,252.190002441406,255.619995117188,251.389999389648,255.289993286133,30760100
2023-03-06,255.250106811523,256.429992675781,260.119995117188,255.979995727539,256.869995117188,24109800
2023-03-07,252.547241210938,256.299987792969,257.690002441406,253.389999389648,254.149993896484,21473200
2023-03-08,252.10009765625,254.039993286133,254.539993286133,250.809997558594,253.699996948242,17340200
2023-03-09,250.728805541992,255.820007324219,259.559997558594,251.580001831055,252.320007324219,26653400
2023-03-10,247.022308349609,251.080001831055,252.789993286133,247.600006103516,248.589996337891,28333900
2023-03-13,252.318710327148,247.399993896484,257.910003662109,245.729995727539,253.919998168945,33339700
2023-03-14,259.145416259766,256.75,261.070007324219,255.860000610352,260.790008544922,33620300
2023-03-15,263.766082763672,259.980010986328,266.480010986328,259.209991455078,265.440002441406,46028000
2023-03-16,274.458190917969,265.209991455078,276.559997558594,263.279998779297,276.200012207031,54768800
2023-03-17,277.667816162109,278.260009765625,283.329986572266,276.320007324219,279.429992675781,69527400
2023-03-20,270.513244628906,276.980010986328,277.480010986328,269.850006103516,272.230010986328,43466600
2023-03-21,272.053436279297,274.880004882812,275,269.519989013672,273.779998779297,34558700
2023-03-22,270.572875976562,273.399993896484,281.040008544922,272.179992675781,272.290008544922,34873300
2023-03-23,275.908996582031,277.940002441406,281.059997558594,275.200012207031,277.660003662109,36610900
2023-03-24,278.800659179688,277.239990234375,280.630004882812,275.279998779297,280.570007324219,28172000
2023-03-27,274.637084960938,280.5,281.459991455078,275.519989013672,276.380004882812,26840200
2023-03-28,273.494354248047,275.790008544922,276.140014648438,272.049987792969,275.230010986328,21878600
2023-03-29,278.741058349609,278.959991455078,281.140014648438,278.410003662109,280.510009765625,25087000
2023-03-30,282.258697509766,284.230010986328,284.459991455078,281.480010986328,284.049987792969,25053400
2023-03-31,286.481872558594,283.730010986328,289.269989013672,283,288.299987792969,32766000
2023-04-03,285.418640136719,286.519989013672,288.269989013672,283.950012207031,287.230010986328,24883300
2023-04-04,285.368957519531,287.230010986328,290.450012207031,285.670013427734,287.179992675781,25824300
2023-04-05,282.546844482422,285.850006103516,287.149993896484,282.920013427734,284.339996337891,22064800
2023-04-06,289.761077880859,283.209991455078,292.079986572266,282.029998779297,291.600006103516,29770300
2023-04-10,287.565032958984,289.209991455078,289.600006103516,284.709991455078,289.390014648438,23103000
2023-04-11,281.046356201172,285.75,285.980010986328,281.640014648438,282.829986572266,27276600
2023-04-12,281.702239990234,284.790008544922,287.010009765625,281.959991455078,283.489990234375,27403400
2023-04-13,288.012176513672,283.589996337891,289.899993896484,283.170013427734,289.839996337891,24222700
2023-04-14,284.335540771484,287,288.480010986328,283.690002441406,286.140014648438,20987900
2023-04-17,286.978759765625,289.929992675781,291.600006103516,286.160003662109,288.799987792969,23836200
2023-04-18,286.551452636719,291.570007324219,291.760009765625,287.010009765625,288.369995117188,20161800
2023-04-19,286.630981445312,285.989990234375,289.049987792969,284.540008544922,288.450012207031,17150300
2023-04-20,284.305694580078,285.25,289.029998779297,285.079986572266,286.109985351562,23244400
2023-04-21,283.957946777344,285.010009765625,286.269989013672,283.059997558594,285.760009765625,21676400
2023-04-24,279.993041992188,282.089996337891,284.950012207031,278.720001220703,281.769989013672,26611000
2023-04-25,273.683135986328,279.510009765625,281.600006103516,275.369995117188,275.420013427734,45772200
2023-04-26,293.507293701172,296.700012207031,299.570007324219,292.730010986328,295.369995117188,64599200
2023-04-27,302.907653808594,295.970001220703,305.200012207031,295.25,304.829986572266,46462600
2023-04-28,305.322357177734,304.010009765625,308.929992675781,303.309997558594,307.260009765625,36446700
2023-05-01,303.633056640625,306.970001220703,308.600006103516,305.149993896484,305.559997558594,21294100
2023-05-02,303.483978271484,307.760009765625,309.179992675781,303.910003662109,305.410003662109,26404400
2023-05-03,302.480377197266,306.619995117188,308.609985351562,304.089996337891,304.399993896484,22360800
2023-05-04,303.483978271484,306.239990234375,307.760009765625,303.399993896484,305.410003662109,22519900
2023-05-05,308.690948486328,305.720001220703,311.970001220703,304.269989013672,310.649993896484,28181200
2023-05-08,306.703582763672,310.130004882812,310.200012207031,306.089996337891,308.649993896484,21318600
2023-05-09,305.063995361328,308,310.040008544922,306.309997558594,307,21340800
2023-05-10,310.340484619141,308.619995117188,313,307.670013427734,312.309997558594,30078000
2023-05-11,308.154327392578,310.100006103516,311.119995117188,306.260009765625,310.109985351562,31680200
2023-05-12,307.021575927734,310.549987792969,310.649993896484,306.600006103516,308.970001220703,19758100
2023-05-15,307.508453369141,309.100006103516,309.899993896484,307.589996337891,309.459991455078,16336500
2023-05-16,309.774078369141,309.829986572266,313.709991455078,309.829986572266,311.739990234375,26730300
2023-05-17,312.701934814453,312.290008544922,314.429992675781,310.739990234375,314,24315000
2023-05-18,317.203247070312,314.529998779297,319.040008544922,313.720001220703,318.519989013672,27276000
2023-05-19,317.023956298828,316.739990234375,318.75,316.369995117188,318.339996337891,27529500
2023-05-22,319.852233886719,318.600006103516,322.589996337891,318.010009765625,321.179992675781,24115700
2023-05-23,313.956695556641,320.029998779297,322.720001220703,315.25,315.260009765625,30797200
2023-05-24,312.552551269531,314.730010986328,316.5,312.609985351562,313.850006103516,23384900
2023-05-25,324.572631835938,323.239990234375,326.899993896484,320,325.920013427734,43301700
2023-05-26,331.513854980469,324.019989013672,333.399993896484,323.880004882812,332.890014648438,36630600
2023-05-30,329.840759277344,335.230010986328,335.739990234375,330.519989013672,331.209991455078,29503100
2023-05-31,327.032440185547,332.290008544922,335.940002441406,327.329986572266,328.390014648438,45950600
2023-06-01,331.205078125,325.929992675781,333.529998779297,324.720001220703,332.579986572266,26773900
2023-06-02,334.013458251953,334.25,337.5,332.549987792969,335.399993896484,25864000
2023-06-05,334.551239013672,335.220001220703,338.559997558594,334.660003662109,335.940002441406,21307100
2023-06-06,332.300537109375,335.329986572266,335.369995117188,332.170013427734,333.679992675781,20396200
2023-06-07,322.043151855469,331.649993896484,334.489990234375,322.5,323.380004882812,40717100
2023-06-08,323.915374755859,323.940002441406,326.640014648438,323.350006103516,325.260009765625,23277700
2023-06-09,325.439056396484,324.989990234375,329.989990234375,324.410003662109,326.790008544922,22514900
2023-06-12,330.478149414062,328.579986572266,332.100006103516,325.160003662109,331.850006103516,24260300
2023-06-13,332.908050537109,334.470001220703,336.980010986328,330.390014648438,334.290008544922,22951300
2023-06-14,335.945434570312,334.339996337891,339.040008544922,332.809997558594,337.339996337891,26003800
2023-06-15,346.660949707031,337.480010986328,349.839996337891,337.200012207031,348.100006103516,38899100
2023-06-16,340.914794921875,351.320007324219,351.470001220703,341.950012207031,342.329986572266,46533600
2023-06-20,336.652496337891,339.309997558594,342.079986572266,335.859985351562,338.049987792969,26375400
2023-06-21,332.181030273438,336.369995117188,337.730010986328,332.070007324219,333.559997558594,25117800
2023-06-22,338.305633544922,334.119995117188,340.119995117188,333.339996337891,339.709991455078,23556800
2023-06-23,333.635009765625,334.359985351562,337.959991455078,333.450012207031,335.019989013672,23084700
2023-06-26,327.241577148438,333.720001220703,336.109985351562,328.489990234375,328.600006103516,21520600
2023-06-27,333.186889648438,331.859985351562,336.149993896484,329.299987792969,334.570007324219,24354100
2023-06-28,334.461608886719,334.660003662109,337.980010986328,333.809997558594,335.850006103516,20259500
2023-06-29,333.664886474609,334.709991455078,336.109985351562,332.619995117188,335.049987792969,16997000
2023-06-30,339.132202148438,337.75,342.730010986328,337.200012207031,340.540008544922,26823800
2023-07-03,336.592742919922,339.190002441406,340.899993896484,336.570007324219,337.989990234375,12508700
2023-07-05,336.752075195312,335.089996337891,341.649993896484,334.730010986328,338.149993896484,18172400
2023-07-06,339.859191894531,337.299987792969,342.989990234375,335.5,341.269989013672,28161200
2023-07-07,335.825927734375,339.320007324219,341.790008544922,337,337.220001220703,21185300
2023-07-10,330.458190917969,334.600006103516,335.230010986328,327.589996337891,331.829986572266,32791400
2023-07-11,331.095581054688,331.059997558594,332.859985351562,327,332.470001220703,26698200
2023-07-12,335.805999755859,336.600006103516,341.649993896484,335.670013427734,337.200012207031,29995300
2023-07-13,341.243438720703,339.559997558594,343.739990234375,339.019989013672,342.660003662109,20567200
2023-07-14,343.812774658203,347.589996337891,351.429992675781,344.309997558594,345.239990234375,28302200
2023-07-17,344.300750732422,345.679992675781,346.989990234375,342.200012207031,345.730010986328,20363900
2023-07-18,358.003845214844,345.829986572266,366.779998779297,342.170013427734,359.489990234375,64872700
2023-07-19,353.612091064453,361.75,362.459991455078,352.440002441406,355.079986572266,39732900
2023-07-20,345.43603515625,353.570007324219,357.970001220703,345.369995117188,346.869995117188,33778400
2023-07-21,342.348846435547,349.149993896484,350.299987792969,339.829986572266,343.769989013672,69368900
2023-07-24,343.683288574219,345.850006103516,346.920013427734,342.309997558594,345.109985351562,26678100
2023-07-25,349.529052734375,347.109985351562,351.890014648438,345.070007324219,350.980010986328,41637700
2023-07-26,336.373657226562,341.440002441406,344.670013427734,333.109985351562,337.769989013672,58383700
2023-07-27,329.352783203125,340.480010986328,341.329986572266,329.049987792969,330.720001220703,39635300
2023-07-28,336.971160888672,333.670013427734,340.010009765625,333.170013427734,338.369995117188,28484900
2023-07-31,334.531311035156,336.920013427734,337.700012207031,333.359985351562,335.920013427734,25446000
2023-08-01,334.949554443359,335.190002441406,338.540008544922,333.700012207031,336.339996337891,18311900
2023-08-02,326.146118164062,333.630004882812,333.630004882812,326.359985351562,327.5,27761300
2023-08-03,325.3095703125,326,329.880004882812,325.950012207031,326.660003662109,18253700
2023-08-04,326.424957275391,331.880004882812,335.140014648438,327.239990234375,327.779998779297,23727700
2023-08-07,328.745300292969,328.369995117188,331.109985351562,327.519989013672,330.109985351562,17741500
2023-08-08,324.702087402344,326.959991455078,328.75,323,326.049987792969,22327600
2023-08-09,320.897918701172,326.470001220703,327.109985351562,321.049987792969,322.230010986328,22373300
2023-08-10,321.594970703125,326.019989013672,328.260009765625,321.179992675781,322.929992675781,20113700
2023-08-11,319.682952880859,320.260009765625,322.410003662109,319.209991455078,321.010009765625,24342600
2023-08-14,322.700439453125,321.390014648438,324.059997558594,320.079986572266,324.040008544922,18836100
2023-08-15,320.529388427734,323,325.089996337891,320.899993896484,321.859985351562,16966300
2023-08-16,319.751007080078,320.799987792969,324.420013427734,319.799987792969,320.399993896484,20698900
2023-08-17,316.238159179688,320.540008544922,321.869995117188,316.209991455078,316.880004882812,21257200
2023-08-18,315.838958740234,314.489990234375,318.380004882812,311.549987792969,316.480010986328,24744800
2023-08-21,321.22802734375,317.929992675781,322.769989013672,317.040008544922,321.880004882812,24040000
2023-08-22,321.806823730469,325.5,326.079986572266,321.459991455078,322.459991455078,16102000
2023-08-23,326.337646484375,323.820007324219,329.200012207031,323.459991455078,327,21166400
2023-08-24,319.321899414062,332.850006103516,332.980010986328,319.959991455078,319.970001220703,23281400
2023-08-25,322.325805664062,321.470001220703,325.359985351562,318.799987792969,322.980010986328,21684100
