"Index","Date","MSFT.Open","MSFT.High","MSFT.Low","MSFT.Close","MSFT.Volume","MSFT.Adjusted"
1,2021-08-30,301.119995117188,304.220001220703,301.059997558594,303.589996337891,16348100,298.187805175781
2,2021-08-31,304.420013427734,304.5,301.5,301.880004882812,26285300,296.508270263672
3,2021-09-01,302.869995117188,305.190002441406,301.489990234375,301.829986572266,18983800,296.459075927734
4,2021-09-02,302.200012207031,303.359985351562,300.179992675781,301.149993896484,16285600,295.791290283203
5,2021-09-03,300.989990234375,302.600006103516,300.260009765625,301.140014648438,14747900,295.781372070312
6,2021-09-07,301.010009765625,301.089996337891,298.200012207031,300.179992675781,17180400,294.838470458984
7,2021-09-08,299.779998779297,300.609985351562,297.470001220703,300.209991455078,15046800,294.867950439453
8,2021-09-09,300.820007324219,302.140014648438,297,297.25,19927000,291.960632324219
9,2021-09-10,298.420013427734,299.920013427734,295.380004882812,295.709991455078,19633400,290.447998046875
10,2021-09-13,297.549987792969,298.540008544922,294.079986572266,296.989990234375,23652900,291.705291748047
11,2021-09-14,299.559997558594,301.390014648438,298.100006103516,299.790008544922,21853400,294.455444335938
12,2021-09-15,303.260009765625,305.320007324219,301.820007324219,304.820007324219,28356300,299.395904541016
13,2021-09-16,303.760009765625,305.309997558594,300.760009765625,305.220001220703,19550800,299.788848876953
14,2021-09-17,304.170013427734,304.5,299.529998779297,299.869995117188,41372500,294.533966064453
15,2021-09-20,296.329986572266,298.720001220703,289.519989013672,294.299987792969,38278700,289.063110351562
16,2021-09-21,295.690002441406,297.540008544922,294.070007324219,294.799987792969,22364100,289.554260253906
17,2021-09-22,296.730010986328,300.220001220703,294.510009765625,298.579986572266,26626300,293.266937255859
18,2021-09-23,298.850006103516,300.899993896484,297.529998779297,299.559997558594,18604600,294.229461669922
19,2021-09-24,298.230010986328,299.799987792969,296.929992675781,299.350006103516,14999000,294.023254394531
20,2021-09-27,296.140014648438,296.470001220703,292.940002441406,294.170013427734,23571700,288.935455322266
21,2021-09-28,289.799987792969,290.779998779297,282.75,283.519989013672,43186200,278.474914550781
22,2021-09-29,285.100006103516,286.769989013672,283.010009765625,284,26353700,278.946411132812
23,2021-09-30,285.709991455078,287.829986572266,281.619995117188,281.920013427734,32343600,276.903411865234
24,2021-10-01,282.119995117188,289.980010986328,281.290008544922,289.100006103516,30086300,283.955657958984
25,2021-10-04,287.399993896484,287.75,280.25,283.109985351562,31350700,278.072204589844
26,2021-10-05,284.049987792969,290.399993896484,284.049987792969,288.760009765625,24993000,283.621704101562
27,2021-10-06,285.779998779297,293.630004882812,285.510009765625,293.109985351562,28002600,287.894287109375
28,2021-10-07,295.179992675781,296.640014648438,293.920013427734,294.850006103516,20430500,289.603332519531
29,2021-10-08,296.220001220703,296.640014648438,293.760009765625,294.850006103516,17685700,289.603332519531
30,2021-10-11,292.920013427734,297.970001220703,292.75,294.230010986328,19298600,288.994384765625
31,2021-10-12,295.339996337891,295.440002441406,292.350006103516,292.880004882812,17974100,287.668395996094
32,2021-10-13,294.910003662109,297.279998779297,293.489990234375,296.309997558594,23416300,291.037353515625
33,2021-10-14,299.209991455078,303.269989013672,297.829986572266,302.75,27262900,297.362701416016
34,2021-10-15,302.339996337891,304.450012207031,300.519989013672,304.209991455078,25384800,298.796752929688
35,2021-10-18,303.570007324219,308.209991455078,302.690002441406,307.290008544922,22729300,301.821960449219
36,2021-10-19,308.350006103516,309.299987792969,307.220001220703,308.230010986328,17682100,302.745269775391
37,2021-10-20,309.209991455078,309.700012207031,306.109985351562,307.410003662109,16537100,301.939819335938
38,2021-10-21,307.170013427734,311.019989013672,306.359985351562,310.760009765625,16918100,305.230224609375
39,2021-10-22,310.399993896484,311.089996337891,307.799987792969,309.160003662109,17449300,303.658660888672
40,2021-10-25,309.359985351562,309.399993896484,306.459991455078,308.130004882812,17554500,302.647033691406
41,2021-10-26,311,312.399993896484,308.600006103516,310.109985351562,28107300,304.591796875
42,2021-10-27,316,326.100006103516,316,323.170013427734,52588700,317.419372558594
43,2021-10-28,324.329986572266,324.869995117188,321.359985351562,324.350006103516,26297900,318.578399658203
44,2021-10-29,324.130004882812,332,323.899993896484,331.619995117188,34766000,325.719024658203
45,2021-11-01,331.359985351562,331.489990234375,326.369995117188,329.369995117188,27073200,323.509094238281
46,2021-11-02,330.309997558594,333.450012207031,330,333.130004882812,26487100,327.202178955078
47,2021-11-03,333.899993896484,334.899993896484,330.649993896484,334,21500100,328.056671142578
48,2021-11-04,332.890014648438,336.540008544922,329.510009765625,336.440002441406,23992200,330.453216552734
49,2021-11-05,338.510009765625,338.790008544922,334.420013427734,336.059997558594,22570100,330.080047607422
50,2021-11-08,337.299987792969,337.649993896484,334.440002441406,336.989990234375,20897000,330.993469238281
51,2021-11-09,337.109985351562,338.720001220703,334.529998779297,335.950012207031,21307400,329.971954345703
52,2021-11-10,334.570007324219,334.630004882812,329.920013427734,330.799987792969,25500900,324.913604736328
53,2021-11-11,331.25,333.769989013672,330.510009765625,332.429992675781,16849800,326.5146484375
54,2021-11-12,333.920013427734,337.230010986328,333.790008544922,336.720001220703,23831000,330.728302001953
55,2021-11-15,337.540008544922,337.880004882812,334.029998779297,336.070007324219,16723000,330.08984375
56,2021-11-16,335.679992675781,340.670013427734,335.510009765625,339.510009765625,20886800,333.468658447266
57,2021-11-17,338.940002441406,342.190002441406,338,339.119995117188,19053400,333.694946289062
58,2021-11-18,338.179992675781,342.450012207031,337.119995117188,341.269989013672,22463500,335.810516357422
59,2021-11-19,342.640014648438,345.100006103516,342.200012207031,343.109985351562,21963400,337.62109375
60,2021-11-22,344.619995117188,349.670013427734,339.549987792969,339.829986572266,31031100,334.393615722656
61,2021-11-23,337.049987792969,339.450012207031,333.559997558594,337.679992675781,30427600,332.278015136719
62,2021-11-24,336.279998779297,338.160003662109,333.910003662109,337.910003662109,21661300,332.504302978516
63,2021-11-26,334.350006103516,337.929992675781,328.119995117188,329.679992675781,24217200,324.405975341797
64,2021-11-29,334.940002441406,339.029998779297,334.739990234375,336.630004882812,28563500,331.244812011719
65,2021-11-30,335.320007324219,337.779998779297,328.989990234375,330.589996337891,42885600,325.301391601562
66,2021-12-01,335.130004882812,339.279998779297,329.390014648438,330.079986572266,33337600,324.799530029297
67,2021-12-02,330.299987792969,333.489990234375,327.799987792969,329.489990234375,30766000,324.218994140625
68,2021-12-03,331.989990234375,332.700012207031,318.029998779297,323.010009765625,41779300,317.842681884766
69,2021-12-06,323.950012207031,327.450012207031,319.230010986328,326.190002441406,30032600,320.971801757812
70,2021-12-07,331.640014648438,335.799987792969,330.100006103516,334.920013427734,31021900,329.562133789062
71,2021-12-08,335.309997558594,335.5,330.799987792969,334.970001220703,24761000,329.611328125
72,2021-12-09,334.410003662109,336.489990234375,332.119995117188,333.100006103516,22214200,327.771270751953
73,2021-12-10,334.980010986328,343,334.790008544922,342.540008544922,38095700,337.060211181641
74,2021-12-13,340.679992675781,343.790008544922,339.079986572266,339.399993896484,28899400,333.970428466797
75,2021-12-14,333.220001220703,334.640014648438,324.109985351562,328.339996337891,44438700,323.087371826172
76,2021-12-15,328.609985351562,335.190002441406,324.5,334.649993896484,35381100,329.296478271484
77,2021-12-16,335.709991455078,336.760009765625,323.019989013672,324.899993896484,35034800,319.702423095703
78,2021-12-17,320.880004882812,324.920013427734,317.25,323.799987792969,47750300,318.620025634766
79,2021-12-20,320.049987792969,322.799987792969,317.570007324219,319.910003662109,28326500,314.792297363281
80,2021-12-21,323.290008544922,327.730010986328,319.799987792969,327.290008544922,24740600,322.05419921875
81,2021-12-22,328.299987792969,333.609985351562,325.75,333.200012207031,24831500,327.869659423828
82,2021-12-23,332.75,336.390014648438,332.730010986328,334.690002441406,19617800,329.335876464844
83,2021-12-27,335.459991455078,342.480010986328,335.429992675781,342.450012207031,19947000,336.9716796875
84,2021-12-28,343.149993896484,343.809997558594,340.320007324219,341.25,15661500,335.790924072266
85,2021-12-29,341.299987792969,344.299987792969,339.679992675781,341.950012207031,15042000,336.479705810547
86,2021-12-30,341.910003662109,343.130004882812,338.820007324219,339.320007324219,15994500,333.891784667969
87,2021-12-31,338.510009765625,339.359985351562,335.850006103516,336.320007324219,18000800,330.939758300781
88,2022-01-03,335.350006103516,338,329.779998779297,334.75,28865100,329.394866943359
89,2022-01-04,334.829986572266,335.200012207031,326.119995117188,329.010009765625,32674300,323.746643066406
90,2022-01-05,325.859985351562,326.070007324219,315.980010986328,316.380004882812,40054300,311.318786621094
91,2022-01-06,313.149993896484,318.700012207031,311.489990234375,313.880004882812,39646100,308.858734130859
92,2022-01-07,314.149993896484,316.5,310.089996337891,314.040008544922,32720000,309.016174316406
93,2022-01-10,309.489990234375,314.720001220703,304.690002441406,314.269989013672,44289500,309.242462158203
94,2022-01-11,313.380004882812,316.609985351562,309.890014648438,314.980010986328,29386800,309.941131591797
95,2022-01-12,319.670013427734,323.410003662109,317.079986572266,318.269989013672,34372200,313.178497314453
96,2022-01-13,320.470001220703,320.880004882812,304,304.799987792969,45366000,299.923980712891
97,2022-01-14,304.25,310.820007324219,303.75,310.200012207031,39846400,305.237640380859
98,2022-01-18,304.070007324219,309.799987792969,301.739990234375,302.649993896484,42333200,297.808380126953
99,2022-01-19,306.290008544922,313.910003662109,302.700012207031,303.329986572266,45933900,298.477508544922
100,2022-01-20,309.070007324219,311.649993896484,301.140014648438,301.600006103516,35380700,296.775207519531
101,2022-01-21,302.690002441406,304.109985351562,295.609985351562,296.029998779297,57984400,291.294281005859
102,2022-01-24,292.200012207031,297.109985351562,276.049987792969,296.369995117188,85731500,291.628845214844
103,2022-01-25,291.519989013672,294.989990234375,285.170013427734,288.489990234375,72848600,283.874877929688
104,2022-01-26,307.989990234375,308.5,293.029998779297,296.709991455078,90428900,291.96337890625
105,2022-01-27,302.660003662109,307.299987792969,297.929992675781,299.839996337891,53481300,295.043304443359
106,2022-01-28,300.230010986328,308.480010986328,294.450012207031,308.260009765625,49743700,303.328674316406
107,2022-01-31,308.950012207031,312.380004882812,306.369995117188,310.980010986328,46444500,306.005157470703
108,2022-02-01,310.410003662109,310.630004882812,305.130004882812,308.760009765625,40950400,303.820648193359
109,2022-02-02,309.630004882812,315.119995117188,308.880004882812,313.459991455078,36636000,308.445434570312
110,2022-02-03,309.489990234375,311.230010986328,299.959991455078,301.25,43730000,296.430786132812
111,2022-02-04,300.209991455078,308.799987792969,299.970001220703,305.940002441406,35096500,301.045745849609
112,2022-02-07,306.170013427734,307.839996337891,299.899993896484,300.950012207031,28533300,296.135589599609
113,2022-02-08,301.25,305.559997558594,299.950012207031,304.559997558594,32421200,299.687805175781
114,2022-02-09,309.869995117188,311.929992675781,307.390014648438,311.209991455078,31284700,306.231475830078
115,2022-02-10,304.040008544922,309.119995117188,300.700012207031,302.380004882812,45386200,297.542724609375
116,2022-02-11,303.190002441406,304.290008544922,294.220001220703,295.040008544922,39175600,290.320129394531
117,2022-02-14,293.769989013672,296.760009765625,291.350006103516,295,36359500,290.28076171875
118,2022-02-15,300.010009765625,300.799987792969,297.019989013672,300.470001220703,27058300,295.663238525391
119,2022-02-16,298.369995117188,300.869995117188,293.679992675781,299.5,29982100,295.318206787109
120,2022-02-17,296.359985351562,296.799987792969,290,290.730010986328,32461600,286.670654296875
121,2022-02-18,293.049987792969,293.859985351562,286.309997558594,287.929992675781,34264000,283.909698486328
122,2022-02-22,285,291.540008544922,284.5,287.720001220703,41736100,283.70263671875
123,2022-02-23,290.179992675781,291.700012207031,280.100006103516,280.269989013672,37811200,276.356628417969
124,2022-02-24,272.510009765625,295.160003662109,271.519989013672,294.589996337891,56989700,290.476715087891
125,2022-02-25,295.140014648438,297.630004882812,291.649993896484,297.309997558594,32546700,293.158721923828
126,2022-02-28,294.309997558594,299.140014648438,293,298.790008544922,34627500,294.618103027344
127,2022-03-01,296.399993896484,299.970001220703,292.149993896484,294.950012207031,31217800,290.831726074219
128,2022-03-02,295.359985351562,301.470001220703,293.700012207031,300.190002441406,31873000,295.998504638672
129,2022-03-03,302.890014648438,303.130004882812,294.049987792969,295.920013427734,27314500,291.788177490234
130,2022-03-04,294.290008544922,295.660003662109,287.170013427734,289.859985351562,32356500,285.812744140625
131,2022-03-07,288.529998779297,289.690002441406,278.529998779297,278.910003662109,43157200,275.015625
132,2022-03-08,277.799987792969,283.959991455078,270,275.850006103516,48159500,271.998382568359
133,2022-03-09,283.440002441406,289.600006103516,280.779998779297,288.5,35204500,284.471771240234
134,2022-03-10,283.019989013672,286.600006103516,280.579986572266,285.589996337891,30628000,281.602416992188
135,2022-03-11,287.959991455078,289.510009765625,279.429992675781,280.070007324219,27209300,276.159454345703
136,2022-03-14,280.339996337891,285.399993896484,275.820007324219,276.440002441406,30660700,272.580139160156
137,2022-03-15,280.350006103516,287.820007324219,278.730010986328,287.149993896484,34245100,283.140625
138,2022-03-16,289.109985351562,294.570007324219,283.200012207031,294.390014648438,37826300,290.279510498047
139,2022-03-17,293.290008544922,295.609985351562,289.369995117188,295.220001220703,30816600,291.097930908203
140,2022-03-18,295.369995117188,301,292.730010986328,300.429992675781,43390600,296.235137939453
141,2022-03-21,298.890014648438,300.140014648438,294.899993896484,299.160003662109,28351200,294.98291015625
142,2022-03-22,299.799987792969,305,298.769989013672,304.059997558594,27599700,299.814483642578
143,2022-03-23,300.510009765625,303.230010986328,297.720001220703,299.489990234375,25715400,295.308227539062
144,2022-03-24,299.140014648438,304.200012207031,298.320007324219,304.100006103516,24484500,299.853912353516
145,2022-03-25,305.230010986328,305.5,299.290008544922,303.679992675781,22566500,299.439788818359
146,2022-03-28,304.329986572266,310.799987792969,304.329986572266,310.700012207031,29578200,306.361755371094
147,2022-03-29,313.910003662109,315.820007324219,309.049987792969,315.410003662109,30393400,311.006011962891
148,2022-03-30,313.760009765625,315.950012207031,311.579986572266,313.859985351562,28163600,309.477630615234
149,2022-03-31,313.899993896484,315.140014648438,307.890014648438,308.309997558594,33422100,304.005126953125
150,2022-04-01,309.369995117188,310.130004882812,305.540008544922,309.420013427734,27110500,305.099639892578
151,2022-04-04,310.089996337891,315.109985351562,309.709991455078,314.970001220703,24289600,310.572143554688
152,2022-04-05,313.269989013672,314.869995117188,309.869995117188,310.880004882812,23156700,306.539276123047
153,2022-04-06,305.190002441406,307,296.709991455078,299.5,40110400,295.318206787109
154,2022-04-07,296.660003662109,303.649993896484,296.350006103516,301.369995117188,31411200,297.162048339844
155,2022-04-08,300.440002441406,301.119995117188,296.279998779297,296.970001220703,24361900,292.823486328125
156,2022-04-11,291.790008544922,292.609985351562,285,285.260009765625,34569300,281.276977539062
157,2022-04-12,289.239990234375,290.739990234375,280.489990234375,282.059997558594,30966700,278.121643066406
158,2022-04-13,282.730010986328,288.579986572266,281.299987792969,287.619995117188,21907200,283.60400390625
159,2022-04-14,288.089996337891,288.309997558594,279.320007324219,279.829986572266,28221600,275.922790527344
160,2022-04-18,278.910003662109,282.459991455078,278.339996337891,280.519989013672,20778000,276.603149414062
161,2022-04-19,279.380004882812,286.170013427734,278.410003662109,285.299987792969,22297700,281.31640625
162,2022-04-20,289.399993896484,289.700012207031,285.369995117188,286.359985351562,22906700,282.361572265625
163,2022-04-21,288.579986572266,293.299987792969,280.059997558594,280.809997558594,29454600,276.889099121094
164,2022-04-22,281.679992675781,283.200012207031,273.380004882812,274.029998779297,29405800,270.203765869141
165,2022-04-25,273.290008544922,281.109985351562,270.769989013672,280.720001220703,35678900,276.800415039062
166,2022-04-26,277.5,278.359985351562,270,270.220001220703,46518400,266.446990966797
167,2022-04-27,282.100006103516,290.970001220703,279.160003662109,283.220001220703,63477700,279.265441894531
168,2022-04-28,285.190002441406,290.980010986328,281.459991455078,289.630004882812,33646600,285.585968017578
169,2022-04-29,288.609985351562,289.880004882812,276.5,277.519989013672,37073900,273.645050048828
170,2022-05-02,277.709991455078,284.940002441406,276.220001220703,284.470001220703,35151100,280.497985839844
171,2022-05-03,283.959991455078,284.130004882812,280.149993896484,281.779998779297,25978600,277.845581054688
172,2022-05-04,282.589996337891,290.880004882812,276.730010986328,289.980010986328,33599300,285.931060791016
173,2022-05-05,285.540008544922,286.350006103516,274.339996337891,277.350006103516,43260400,273.477478027344
174,2022-05-06,274.809997558594,279.25,271.269989013672,274.730010986328,37780300,270.894012451172
175,2022-05-09,270.059997558594,272.359985351562,263.320007324219,264.579986572266,47726000,260.885711669922
176,2022-05-10,271.690002441406,273.75,265.070007324219,269.5,39336400,265.737030029297
177,2022-05-11,265.679992675781,271.359985351562,259.299987792969,260.549987792969,48975900,256.911987304688
178,2022-05-12,257.690002441406,259.880004882812,250.020004272461,255.350006103516,51033800,251.784606933594
179,2022-05-13,257.350006103516,263.040008544922,255.350006103516,261.119995117188,34925100,257.474060058594
180,2022-05-16,259.959991455078,265.820007324219,255.779998779297,261.5,32550900,257.848754882812
181,2022-05-17,266.109985351562,268.329986572266,262.459991455078,266.820007324219,28828800,263.094482421875
182,2022-05-18,263,263.600006103516,252.770004272461,254.080001831055,31356000,251.115844726562
183,2022-05-19,253.899993896484,257.670013427734,251.880004882812,253.139999389648,32692300,250.186813354492
184,2022-05-20,257.239990234375,258.540008544922,246.440002441406,252.559997558594,39199300,249.613586425781
185,2022-05-23,255.490005493164,261.5,253.429992675781,260.649993896484,33175400,257.609191894531
186,2022-05-24,257.890014648438,261.329986572266,253.5,259.619995117188,29043900,256.591217041016
187,2022-05-25,258.140014648438,264.579986572266,257.130004882812,262.519989013672,28547900,259.457366943359
188,2022-05-26,262.269989013672,267.109985351562,261.429992675781,265.899993896484,25002100,262.797912597656
189,2022-05-27,268.480010986328,273.339996337891,267.559997558594,273.239990234375,26910800,270.052337646484
190,2022-05-31,272.529998779297,274.769989013672,268.929992675781,271.869995117188,37827700,268.698303222656
191,2022-06-01,275.200012207031,277.690002441406,270.040008544922,272.420013427734,25292200,269.241882324219
192,2022-06-02,264.450012207031,274.649993896484,261.600006103516,274.579986572266,44008200,271.376708984375
193,2022-06-03,270.309997558594,273.450012207031,268.410003662109,270.019989013672,28059000,266.869873046875
194,2022-06-06,272.059997558594,274.179992675781,267.220001220703,268.75,22400300,265.61474609375
195,2022-06-07,266.640014648438,273.130004882812,265.940002441406,272.5,22860700,269.320983886719
196,2022-06-08,271.709991455078,273,269.609985351562,270.410003662109,17372300,267.255340576172
197,2022-06-09,267.779998779297,272.709991455078,264.630004882812,264.790008544922,26439700,261.700927734375
198,2022-06-10,260.579986572266,260.579986572266,252.529998779297,252.990005493164,31422800,250.038558959961
199,2022-06-13,245.110000610352,249.020004272461,241.529998779297,242.259994506836,46135800,239.433746337891
200,2022-06-14,243.860000610352,245.740005493164,241.509994506836,244.490005493164,28651500,241.637725830078
201,2022-06-15,248.309997558594,255.300003051758,246.419998168945,251.759994506836,33111700,248.822906494141
202,2022-06-16,245.979995727539,247.419998168945,243.020004272461,244.970001220703,33169200,242.112121582031
203,2022-06-17,244.699996948242,250.5,244.029998779297,247.649993896484,43084800,244.760864257812
204,2022-06-21,250.259994506836,254.75,249.509994506836,253.740005493164,29928300,250.779846191406
205,2022-06-22,251.889999389648,257.170013427734,250.369995117188,253.130004882812,25939900,250.176956176758
206,2022-06-23,255.570007324219,259.369995117188,253.630004882812,258.859985351562,25861400,255.840103149414
207,2022-06-24,261.809997558594,267.980010986328,261.720001220703,267.700012207031,33923200,264.576965332031
208,2022-06-27,268.209991455078,268.299987792969,263.279998779297,264.890014648438,24615100,261.799774169922
209,2022-06-28,263.980010986328,266.910003662109,256.320007324219,256.480010986328,27295500,253.487854003906
210,2022-06-29,257.589996337891,261.970001220703,255.759994506836,260.260009765625,20069800,257.223785400391
211,2022-06-30,257.049987792969,259.529998779297,252.899993896484,256.829986572266,31730900,253.833770751953
212,2022-07-01,256.390014648438,259.769989013672,254.610000610352,259.579986572266,22837700,256.551666259766
213,2022-07-05,256.160003662109,262.980010986328,254.740005493164,262.850006103516,22941000,259.783508300781
214,2022-07-06,263.75,267.989990234375,262.399993896484,266.209991455078,23824400,263.104309082031
215,2022-07-07,265.119995117188,269.059997558594,265.019989013672,268.399993896484,20859900,265.268798828125
216,2022-07-08,264.790008544922,268.100006103516,263.290008544922,267.660003662109,19658800,264.537414550781
217,2022-07-11,265.649993896484,266.529998779297,262.179992675781,264.510009765625,19455200,261.424194335938
218,2022-07-12,265.880004882812,265.940002441406,252.039993286133,253.669998168945,35868500,250.710632324219
219,2022-07-13,250.190002441406,253.550003051758,248.110000610352,252.720001220703,29497400,249.771713256836
220,2022-07-14,250.570007324219,255.139999389648,245.940002441406,254.080001831055,25102800,251.115844726562
221,2022-07-15,255.720001220703,260.369995117188,254.770004272461,256.720001220703,29774100,253.725067138672
222,2022-07-18,259.75,260.839996337891,253.300003051758,254.25,20975000,251.283874511719
223,2022-07-19,257.579986572266,259.720001220703,253.679992675781,259.529998779297,25012600,256.502258300781
224,2022-07-20,259.899993896484,264.869995117188,258.910003662109,262.269989013672,22788300,259.210296630859
225,2022-07-21,259.790008544922,264.890014648438,257.029998779297,264.839996337891,22404700,261.750305175781
226,2022-07-22,265.239990234375,265.329986572266,259.070007324219,260.359985351562,21881300,257.322540283203
227,2022-07-25,261,261.5,256.809997558594,258.829986572266,21056000,255.810440063477
228,2022-07-26,259.859985351562,259.880004882812,249.570007324219,251.899993896484,39348000,248.961288452148
229,2022-07-27,261.160003662109,270.049987792969,258.850006103516,268.739990234375,45994000,265.604797363281
230,2022-07-28,269.75,277.839996337891,267.869995117188,276.410003662109,33459300,273.185363769531
231,2022-07-29,277.700012207031,282,276.630004882812,280.739990234375,32152800,277.46484375
232,2022-08-01,277.820007324219,281.279998779297,275.839996337891,278.010009765625,21539600,274.766693115234
233,2022-08-02,276,277.890014648438,272.380004882812,274.820007324219,22754200,271.613891601562
234,2022-08-03,276.760009765625,283.5,276.609985351562,282.470001220703,23518900,279.174621582031
235,2022-08-04,281.799987792969,283.799987792969,280.170013427734,283.649993896484,18098700,280.340881347656
236,2022-08-05,279.149993896484,283.649993896484,278.679992675781,282.910003662109,16774600,279.609558105469
237,2022-08-08,284.049987792969,285.920013427734,279.320007324219,280.320007324219,18739200,277.049743652344
238,2022-08-09,279.640014648438,283.079986572266,277.609985351562,282.299987792969,23405200,279.006622314453
239,2022-08-10,288.170013427734,289.809997558594,286.940002441406,289.160003662109,24687800,285.786651611328
240,2022-08-11,290.850006103516,291.209991455078,286.510009765625,287.019989013672,20065900,283.671569824219
241,2022-08-12,288.480010986328,291.910003662109,286.940002441406,291.910003662109,22619700,288.504486083984
242,2022-08-15,291,294.179992675781,290.109985351562,293.470001220703,18085700,290.046295166016
243,2022-08-16,291.989990234375,294.040008544922,290.420013427734,292.709991455078,18102900,289.295166015625
244,2022-08-17,289.739990234375,293.350006103516,289.470001220703,291.320007324219,18253400,288.532562255859
245,2022-08-18,290.190002441406,291.910003662109,289.079986572266,290.170013427734,17186200,287.3935546875
246,2022-08-19,288.899993896484,289.25,285.559997558594,286.149993896484,20570000,283.412017822266
247,2022-08-22,282.079986572266,282.459991455078,277.220001220703,277.75,25061100,275.092376708984
248,2022-08-23,276.440002441406,278.859985351562,275.399993896484,276.440002441406,17527400,273.794921875
249,2022-08-24,275.410003662109,277.230010986328,275.109985351562,275.790008544922,18137000,273.151153564453
250,2022-08-25,277.329986572266,279.019989013672,274.519989013672,278.850006103516,16583400,276.181884765625
251,2022-08-26,279.079986572266,280.339996337891,267.980010986328,268.089996337891,27549300,265.524810791016
252,2022-08-29,265.850006103516,267.399993896484,263.850006103516,265.230010986328,20338500,262.692199707031
253,2022-08-30,266.670013427734,267.049987792969,260.660003662109,262.970001220703,22767100,260.453796386719
254,2022-08-31,265.390014648438,267.109985351562,261.329986572266,261.470001220703,24791800,258.968170166016
255,2022-09-01,258.869995117188,260.890014648438,255.410003662109,260.399993896484,23263400,257.908416748047
256,2022-09-02,261.700012207031,264.739990234375,254.470001220703,256.059997558594,22855400,253.609909057617
257,2022-09-06,256.200012207031,257.829986572266,251.940002441406,253.25,21328200,250.826812744141
258,2022-09-07,254.699996948242,258.829986572266,253.220001220703,258.089996337891,24126700,255.620483398438
259,2022-09-08,257.510009765625,260.429992675781,254.789993286133,258.519989013672,20319900,256.04638671875
260,2022-09-09,260.5,265.230010986328,260.290008544922,264.459991455078,22084700,261.929504394531
261,2022-09-12,265.779998779297,267.450012207031,265.160003662109,266.649993896484,18747700,264.098602294922
262,2022-09-13,258.839996337891,260.399993896484,251.589996337891,251.990005493164,33353300,249.578872680664
263,2022-09-14,253.529998779297,254.229995727539,249.860000610352,252.220001220703,23913000,249.806671142578
264,2022-09-15,249.770004272461,251.399993896484,244.020004272461,245.380004882812,31530900,243.032135009766
265,2022-09-16,244.259994506836,245.300003051758,242.059997558594,244.740005493164,39791800,242.398254394531
266,2022-09-19,242.470001220703,245.139999389648,240.850006103516,244.520004272461,26826900,242.180328369141
267,2022-09-20,242.070007324219,243.509994506836,239.639999389648,242.449996948242,26660300,240.130142211914
268,2022-09-21,244.270004272461,247.660003662109,238.899993896484,238.949996948242,28625600,236.663635253906
269,2022-09-22,237.869995117188,243.860000610352,237.570007324219,240.979995727539,31061200,238.674209594727
270,2022-09-23,239.539993286133,241.130004882812,235.199996948242,237.919998168945,34176000,235.643493652344
271,2022-09-26,237.050003051758,241.449996948242,236.899993896484,237.449996948242,27694200,235.177993774414
272,2022-09-27,239.979995727539,241.800003051758,234.5,236.410003662109,27018700,234.14794921875
273,2022-09-28,236.809997558594,242.330001831055,234.729995727539,241.070007324219,29029700,238.76335144043
274,2022-09-29,238.889999389648,239.949996948242,234.410003662109,237.5,27484200,235.227523803711
275,2022-09-30,238.289993286133,240.539993286133,232.729995727539,232.899993896484,35694800,230.671524047852
276,2022-10-03,235.410003662109,241.610000610352,234.660003662109,240.740005493164,28880400,238.4365234375
277,2022-10-04,245.089996337891,250.360000610352,244.979995727539,248.880004882812,34888400,246.498641967773
278,2022-10-05,245.990005493164,250.580001831055,244.100006103516,249.199996948242,20347100,246.815567016602
279,2022-10-06,247.929992675781,250.339996337891,246.080001831055,246.789993286133,20239900,244.428619384766
280,2022-10-07,240.899993896484,241.320007324219,233.169998168945,234.240005493164,37769600,231.998733520508
281,2022-10-10,233.050003051758,234.559997558594,226.729995727539,229.25,29743600,227.056457519531
282,2022-10-11,227.619995117188,229.059997558594,224.110000610352,225.410003662109,30474000,223.253204345703
283,2022-10-12,225.399993896484,227.860000610352,223.960006713867,225.75,21903900,223.589950561523
284,2022-10-13,219.850006103516,236.100006103516,219.130004882812,234.240005493164,42551800,231.998733520508
285,2022-10-14,235.539993286133,237.240005493164,228.339996337891,228.559997558594,30198600,226.373046875
286,2022-10-17,235.820007324219,238.960006713867,235.139999389648,237.529998779297,28142300,235.257217407227
287,2022-10-18,243.240005493164,243.929992675781,235.369995117188,238.5,26329600,236.21794128418
288,2022-10-19,237.039993286133,239.610000610352,234.289993286133,236.479995727539,19985700,234.217269897461
289,2022-10-20,235.770004272461,241.309997558594,234.869995117188,236.149993896484,21811000,233.890426635742
290,2022-10-21,234.740005493164,243,234.5,242.119995117188,26299700,239.803314208984
291,2022-10-24,243.759994506836,247.839996337891,241.300003051758,247.25,24911200,244.884231567383
292,2022-10-25,247.259994506836,251.039993286133,245.830001831055,250.660003662109,34775500,248.261581420898
293,2022-10-26,231.169998168945,238.300003051758,230.059997558594,231.320007324219,82543200,229.106658935547
294,2022-10-27,231.039993286133,233.690002441406,225.779998779297,226.75,40424600,224.580352783203
295,2022-10-28,226.240005493164,236.600006103516,226.050003051758,235.869995117188,40647700,233.61311340332
296,2022-10-31,233.759994506836,234.919998168945,231.149993896484,232.130004882812,28357300,229.908905029297
297,2022-11-01,234.600006103516,235.740005493164,227.330001831055,228.169998168945,30592300,225.986785888672
298,2022-11-02,229.460006713867,231.300003051758,220.039993286133,220.100006103516,38407000,217.994018554688
299,2022-11-03,220.089996337891,220.410003662109,213.979995727539,214.25,36633900,212.199966430664
300,2022-11-04,217.550003051758,221.589996337891,213.429992675781,221.389999389648,36789100,219.271667480469
301,2022-11-07,221.990005493164,228.410003662109,221.279998779297,227.869995117188,33498000,225.689651489258
302,2022-11-08,228.699996948242,231.649993896484,225.839996337891,228.869995117188,28192500,226.680084228516
303,2022-11-09,227.369995117188,228.630004882812,224.330001831055,224.509994506836,27852900,222.36181640625
304,2022-11-10,235.429992675781,243.330001831055,235,242.979995727539,46268000,240.655075073242
305,2022-11-11,242.990005493164,247.990005493164,241.929992675781,247.110000610352,34620200,244.745574951172
306,2022-11-14,241.990005493164,243.910003662109,239.210006713867,241.550003051758,31123300,239.23876953125
307,2022-11-15,245.660003662109,247,240.029998779297,241.970001220703,31390100,239.654754638672
308,2022-11-16,242.789993286133,243.800003051758,240.419998168945,241.729995727539,24093300,240.091751098633
309,2022-11-17,237.779998779297,243.25,237.630004882812,241.679992675781,23123500,240.042083740234
310,2022-11-18,243.509994506836,243.740005493164,239.029998779297,241.220001220703,27613500,239.585205078125
311,2022-11-21,241.429992675781,244.669998168945,241.190002441406,242.050003051758,26394700,240.409591674805
312,2022-11-22,243.589996337891,245.309997558594,240.710006713867,245.029998779297,19665700,243.369384765625
313,2022-11-23,245.110000610352,248.279998779297,244.270004272461,247.580001831055,19508500,245.902130126953
314,2022-11-25,247.309997558594,248.699996948242,246.729995727539,247.490005493164,9200800,245.812728881836
315,2022-11-28,246.080001831055,246.649993896484,240.800003051758,241.759994506836,24778200,240.121551513672
316,2022-11-29,241.399993896484,242.789993286133,238.210006713867,240.330001831055,17956300,238.701248168945
317,2022-11-30,240.570007324219,255.330001831055,239.860000610352,255.139999389648,47594200,253.410873413086
318,2022-12-01,253.869995117188,256.119995117188,250.919998168945,254.690002441406,26041500,252.963912963867
319,2022-12-02,249.820007324219,256.059997558594,249.690002441406,255.020004272461,21528500,253.291702270508
320,2022-12-05,252.009994506836,253.820007324219,248.059997558594,250.199996948242,23435300,248.504348754883
321,2022-12-06,250.820007324219,251.860000610352,243.779998779297,245.119995117188,22463700,243.458770751953
322,2022-12-07,244.830001831055,246.160003662109,242.210006713867,244.369995117188,20481500,242.7138671875
323,2022-12-08,244.839996337891,248.740005493164,243.059997558594,247.399993896484,22611800,245.72331237793
324,2022-12-09,244.699996948242,248.309997558594,244.160003662109,245.419998168945,20609700,243.756744384766
325,2022-12-12,247.449996948242,252.539993286133,247.169998168945,252.509994506836,30665100,250.798690795898
326,2022-12-13,261.690002441406,263.920013427734,253.070007324219,256.920013427734,42196900,255.178817749023
327,2022-12-14,257.130004882812,262.589996337891,254.309997558594,257.220001220703,35410900,255.476776123047
328,2022-12-15,253.720001220703,254.199996948242,247.339996337891,249.009994506836,35560400,247.322402954102
329,2022-12-16,248.550003051758,249.839996337891,243.509994506836,244.690002441406,86102000,243.031707763672
330,2022-12-19,244.860000610352,245.210006713867,238.710006713867,240.449996948242,29696400,238.820434570312
331,2022-12-20,239.399993896484,242.910003662109,238.419998168945,241.800003051758,25150800,240.161285400391
332,2022-12-21,241.690002441406,245.619995117188,240.110000610352,244.429992675781,23690600,242.773452758789
333,2022-12-22,241.259994506836,241.990005493164,233.869995117188,238.190002441406,28651700,236.575744628906
334,2022-12-23,236.110000610352,238.869995117188,233.940002441406,238.729995727539,21207000,237.112075805664
335,2022-12-27,238.699996948242,238.929992675781,235.830001831055,236.960006713867,16688600,235.354095458984
336,2022-12-28,236.889999389648,239.720001220703,234.169998168945,234.529998779297,17457100,232.940551757812
337,2022-12-29,235.649993896484,241.919998168945,235.649993896484,241.009994506836,19770700,239.37663269043
338,2022-12-30,238.210006713867,239.960006713867,236.660003662109,239.820007324219,21938500,238.194717407227
339,2023-01-03,243.080001831055,245.75,237.399993896484,239.580001831055,25740000,237.956329345703
340,2023-01-04,232.279998779297,232.869995117188,225.960006713867,229.100006103516,50623400,227.547348022461
341,2023-01-05,227.199996948242,227.550003051758,221.759994506836,222.309997558594,39585600,220.803359985352
342,2023-01-06,223,225.759994506836,219.350006103516,224.929992675781,43613600,223.405609130859
343,2023-01-09,226.449996948242,231.240005493164,226.410003662109,227.119995117188,27369800,225.580749511719
344,2023-01-10,227.759994506836,231.309997558594,227.330001831055,228.850006103516,27033900,227.299041748047
345,2023-01-11,231.289993286133,235.949996948242,231.110000610352,235.770004272461,28669300,234.172149658203
346,2023-01-12,235.259994506836,239.899993896484,233.559997558594,238.509994506836,27269500,236.893569946289
347,2023-01-13,237,239.369995117188,234.919998168945,239.229995727539,21333300,237.608688354492
348,2023-01-17,237.970001220703,240.910003662109,237.089996337891,240.350006103516,29831300,238.721115112305
349,2023-01-18,241.570007324219,242.380004882812,235.520004272461,235.809997558594,30028700,234.211868286133
350,2023-01-19,233.779998779297,235.520004272461,230.679992675781,231.929992675781,28623000,230.358169555664
351,2023-01-20,234.860000610352,240.740005493164,234.509994506836,240.220001220703,35389800,238.591995239258
352,2023-01-23,241.100006103516,245.169998168945,239.649993896484,242.580001831055,31934000,240.935989379883
353,2023-01-24,242.5,243.949996948242,240.440002441406,242.039993286133,40234400,240.399658203125
354,2023-01-25,234.479995727539,243.300003051758,230.899993896484,240.610000610352,66526600,238.979354858398
355,2023-01-26,243.649993896484,248.309997558594,242,248,33454500,246.319274902344
356,2023-01-27,248.990005493164,249.830001831055,246.830001831055,248.160003662109,26498900,246.478179931641
357,2023-01-30,244.509994506836,245.600006103516,242.199996948242,242.710006713867,25867400,241.065124511719
358,2023-01-31,243.449996948242,247.949996948242,242.949996948242,247.809997558594,26541100,246.130554199219
359,2023-02-01,248,255.179992675781,245.470001220703,252.75,31259900,251.037078857422
360,2023-02-02,258.820007324219,264.690002441406,257.25,264.600006103516,39940400,262.806762695312
361,2023-02-03,259.540008544922,264.200012207031,257.100006103516,258.350006103516,29077300,256.59912109375
362,2023-02-06,257.440002441406,258.299987792969,254.779998779297,256.769989013672,22518000,255.029815673828
363,2023-02-07,260.529998779297,268.769989013672,260.079986572266,267.559997558594,50841400,265.746704101562
364,2023-02-08,273.200012207031,276.760009765625,266.209991455078,266.730010986328,54686000,264.922332763672
365,2023-02-09,273.799987792969,273.980010986328,262.799987792969,263.619995117188,42375100,261.833374023438
366,2023-02-10,261.529998779297,264.089996337891,260.660003662109,263.100006103516,25818500,261.316955566406
367,2023-02-13,267.640014648438,274.600006103516,267.149993896484,271.320007324219,44630900,269.481231689453
368,2023-02-14,272.670013427734,274.970001220703,269.279998779297,272.170013427734,37047900,270.325469970703
369,2023-02-15,268.320007324219,270.730010986328,266.179992675781,269.320007324219,28922400,268.164794921875
370,2023-02-16,264.019989013672,266.739990234375,261.899993896484,262.149993896484,29603600,261.025512695312
371,2023-02-17,259.390014648438,260.089996337891,256,258.059997558594,30000100,256.953063964844
372,2023-02-21,254.479995727539,255.490005493164,251.589996337891,252.669998168945,28397400,251.586181640625
373,2023-02-22,254.089996337891,254.339996337891,250.339996337891,251.509994506836,22491100,250.431167602539
374,2023-02-23,255.559997558594,256.839996337891,250.479995727539,254.770004272461,29219100,253.677185058594
375,2023-02-24,249.960006713867,251,248.100006103516,249.220001220703,24990900,248.150985717773
376,2023-02-27,252.460006713867,252.820007324219,249.389999389648,250.160003662109,21190000,249.086959838867
377,2023-02-28,249.070007324219,251.490005493164,248.729995727539,249.419998168945,22491000,248.350128173828
378,2023-03-01,250.759994506836,250.929992675781,245.789993286133,246.270004272461,27565300,245.213653564453
379,2023-03-02,246.550003051758,251.399993896484,245.610000610352,251.110000610352,24808200,250.03288269043
380,2023-03-03,252.190002441406,255.619995117188,251.389999389648,255.289993286133,30760100,254.194931030273
381,2023-03-06,256.429992675781,260.119995117188,255.979995727539,256.869995117188,24109800,255.768173217773
382,2023-03-07,256.299987792969,257.690002441406,253.389999389648,254.149993896484,21473200,253.059829711914
383,2023-03-08,254.039993286133,254.539993286133,250.809997558594,253.699996948242,17340200,252.611770629883
384,2023-03-09,255.820007324219,259.559997558594,251.580001831055,252.320007324219,26653400,251.237701416016
385,2023-03-10,251.080001831055,252.789993286133,247.600006103516,248.589996337891,28333900,247.523681640625
386,2023-03-13,247.399993896484,257.910003662109,245.729995727539,253.919998168945,33339700,252.830825805664
387,2023-03-14,256.75,261.070007324219,255.860000610352,260.790008544922,33620300,259.67138671875
388,2023-03-15,259.980010986328,266.480010986328,259.209991455078,265.440002441406,46028000,264.301422119141
389,2023-03-16,265.209991455078,276.559997558594,263.279998779297,276.200012207031,54768800,275.015258789062
390,2023-03-17,278.260009765625,283.329986572266,276.320007324219,279.429992675781,69527400,278.231384277344
391,2023-03-20,276.980010986328,277.480010986328,269.850006103516,272.230010986328,43466600,271.062286376953
392,2023-03-21,274.880004882812,275,269.519989013672,273.779998779297,34558700,272.605621337891
393,2023-03-22,273.399993896484,281.040008544922,272.179992675781,272.290008544922,34873300,271.122039794922
394,2023-03-23,277.940002441406,281.059997558594,275.200012207031,277.660003662109,36610900,276.468994140625
395,2023-03-24,277.239990234375,280.630004882812,275.279998779297,280.570007324219,28172000,279.366516113281
396,2023-03-27,280.5,281.459991455078,275.519989013672,276.380004882812,26840200,275.194488525391
397,2023-03-28,275.790008544922,276.140014648438,272.049987792969,275.230010986328,21878600,274.049438476562
398,2023-03-29,278.959991455078,281.140014648438,278.410003662109,280.510009765625,25087000,279.306793212891
399,2023-03-30,284.230010986328,284.459991455078,281.480010986328,284.049987792969,25053400,282.831573486328
400,2023-03-31,283.730010986328,289.269989013672,283,288.299987792969,32766000,287.063323974609
401,2023-04-03,286.519989013672,288.269989013672,283.950012207031,287.230010986328,24883300,285.997955322266
402,2023-04-04,287.230010986328,290.450012207031,285.670013427734,287.179992675781,25824300,285.948150634766
403,2023-04-05,285.850006103516,287.149993896484,282.920013427734,284.339996337891,22064800,283.120330810547
404,2023-04-06,283.209991455078,292.079986572266,282.029998779297,291.600006103516,29770300,290.349182128906
405,2023-04-10,289.209991455078,289.600006103516,284.709991455078,289.390014648438,23103000,288.148681640625
406,2023-04-11,285.75,285.980010986328,281.640014648438,282.829986572266,27276600,281.616790771484
407,2023-04-12,284.790008544922,287.010009765625,281.959991455078,283.489990234375,27403400,282.273986816406
408,2023-04-13,283.589996337891,289.899993896484,283.170013427734,289.839996337891,24222700,288.596740722656
409,2023-04-14,287,288.480010986328,283.690002441406,286.140014648438,20987900,284.912658691406
410,2023-04-17,289.929992675781,291.600006103516,286.160003662109,288.799987792969,23836200,287.561218261719
411,2023-04-18,291.570007324219,291.760009765625,287.010009765625,288.369995117188,20161800,287.133056640625
412,2023-04-19,285.989990234375,289.049987792969,284.540008544922,288.450012207031,17150300,287.212738037109
413,2023-04-20,285.25,289.029998779297,285.079986572266,286.109985351562,23244400,284.882751464844
414,2023-04-21,285.010009765625,286.269989013672,283.059997558594,285.760009765625,21676400,284.534271240234
415,2023-04-24,282.089996337891,284.950012207031,278.720001220703,281.769989013672,26611000,280.561340332031
416,2023-04-25,279.510009765625,281.600006103516,275.369995117188,275.420013427734,45772200,274.238616943359
417,2023-04-26,296.700012207031,299.570007324219,292.730010986328,295.369995117188,64599200,294.10302734375
418,2023-04-27,295.970001220703,305.200012207031,295.25,304.829986572266,46462600,303.5224609375
419,2023-04-28,304.010009765625,308.929992675781,303.309997558594,307.260009765625,36446700,305.942047119141
420,2023-05-01,306.970001220703,308.600006103516,305.149993896484,305.559997558594,21294100,304.249328613281
421,2023-05-02,307.760009765625,309.179992675781,303.910003662109,305.410003662109,26404400,304.099945068359
422,2023-05-03,306.619995117188,308.609985351562,304.089996337891,304.399993896484,22360800,303.094299316406
423,2023-05-04,306.239990234375,307.760009765625,303.399993896484,305.410003662109,22519900,304.099945068359
424,2023-05-05,305.720001220703,311.970001220703,304.269989013672,310.649993896484,28181200,309.317474365234
425,2023-05-08,310.130004882812,310.200012207031,306.089996337891,308.649993896484,21318600,307.326080322266
426,2023-05-09,308,310.040008544922,306.309997558594,307,21340800,305.683166503906
427,2023-05-10,308.619995117188,313,307.670013427734,312.309997558594,30078000,310.970367431641
428,2023-05-11,310.100006103516,311.119995117188,306.260009765625,310.109985351562,31680200,308.77978515625
429,2023-05-12,310.549987792969,310.649993896484,306.600006103516,308.970001220703,19758100,307.644714355469
430,2023-05-15,309.100006103516,309.899993896484,307.589996337891,309.459991455078,16336500,308.132598876953
431,2023-05-16,309.829986572266,313.709991455078,309.829986572266,311.739990234375,26730300,310.402801513672
432,2023-05-17,312.290008544922,314.429992675781,310.739990234375,314,24315000,313.336608886719
433,2023-05-18,314.529998779297,319.040008544922,313.720001220703,318.519989013672,27276000,317.847045898438
434,2023-05-19,316.739990234375,318.75,316.369995117188,318.339996337891,27529500,317.667419433594
435,2023-05-22,318.600006103516,322.589996337891,318.010009765625,321.179992675781,24115700,320.501434326172
436,2023-05-23,320.029998779297,322.720001220703,315.25,315.260009765625,30797200,314.593933105469
437,2023-05-24,314.730010986328,316.5,312.609985351562,313.850006103516,23384900,313.186920166016
438,2023-05-25,323.239990234375,326.899993896484,320,325.920013427734,43301700,325.231414794922
439,2023-05-26,324.019989013672,333.399993896484,323.880004882812,332.890014648438,36630600,332.186706542969
440,2023-05-30,335.230010986328,335.739990234375,330.519989013672,331.209991455078,29503100,330.510223388672
441,2023-05-31,332.290008544922,335.940002441406,327.329986572266,328.390014648438,45950600,327.696197509766
442,2023-06-01,325.929992675781,333.529998779297,324.720001220703,332.579986572266,26773900,331.877319335938
443,2023-06-02,334.25,337.5,332.549987792969,335.399993896484,25864000,334.691375732422
444,2023-06-05,335.220001220703,338.559997558594,334.660003662109,335.940002441406,21307100,335.230255126953
445,2023-06-06,335.329986572266,335.369995117188,332.170013427734,333.679992675781,20396200,332.975006103516
446,2023-06-07,331.649993896484,334.489990234375,322.5,323.380004882812,40717100,322.69677734375
447,2023-06-08,323.940002441406,326.640014648438,323.350006103516,325.260009765625,23277700,324.572814941406
448,2023-06-09,324.989990234375,329.989990234375,324.410003662109,326.790008544922,22514900,326.099578857422
449,2023-06-12,328.579986572266,332.100006103516,325.160003662109,331.850006103516,24260300,331.148895263672
450,2023-06-13,334.470001220703,336.980010986328,330.390014648438,334.290008544922,22951300,333.583740234375
451,2023-06-14,334.339996337891,339.040008544922,332.809997558594,337.339996337891,26003800,336.627288818359
452,2023-06-15,337.480010986328,349.839996337891,337.200012207031,348.100006103516,38899100,347.364562988281
453,2023-06-16,351.320007324219,351.470001220703,341.950012207031,342.329986572266,46533600,341.606719970703
454,2023-06-20,339.309997558594,342.079986572266,335.859985351562,338.049987792969,26375400,337.335784912109
455,2023-06-21,336.369995117188,337.730010986328,332.070007324219,333.559997558594,25117800,332.855255126953
456,2023-06-22,334.119995117188,340.119995117188,333.339996337891,339.709991455078,23556800,338.992279052734
457,2023-06-23,334.359985351562,337.959991455078,333.450012207031,335.019989013672,23084700,334.312164306641
458,2023-06-26,333.720001220703,336.109985351562,328.489990234375,328.600006103516,21520600,327.90576171875
459,2023-06-27,331.859985351562,336.149993896484,329.299987792969,334.570007324219,24354100,333.863159179688
460,2023-06-28,334.660003662109,337.980010986328,333.809997558594,335.850006103516,20259500,335.140441894531
461,2023-06-29,334.709991455078,336.109985351562,332.619995117188,335.049987792969,16997000,334.342102050781
462,2023-06-30,337.75,342.730010986328,337.200012207031,340.540008544922,26823800,339.820526123047
463,2023-07-03,339.190002441406,340.899993896484,336.570007324219,337.989990234375,12508700,337.275909423828
464,2023-07-05,335.089996337891,341.649993896484,334.730010986328,338.149993896484,18172400,337.435577392578
465,2023-07-06,337.299987792969,342.989990234375,335.5,341.269989013672,28161200,340.548980712891
466,2023-07-07,339.320007324219,341.790008544922,337,337.220001220703,21185300,336.507537841797
467,2023-07-10,334.600006103516,335.230010986328,327.589996337891,331.829986572266,32791400,331.12890625
468,2023-07-11,331.059997558594,332.859985351562,327,332.470001220703,26698200,331.767578125
469,2023-07-12,336.600006103516,341.649993896484,335.670013427734,337.200012207031,29995300,336.487579345703
470,2023-07-13,339.559997558594,343.739990234375,339.019989013672,342.660003662109,20567200,341.93603515625
471,2023-07-14,347.589996337891,351.429992675781,344.309997558594,345.239990234375,28302200,344.510589599609
472,2023-07-17,345.679992675781,346.989990234375,342.200012207031,345.730010986328,20363900,344.999572753906
473,2023-07-18,345.829986572266,366.779998779297,342.170013427734,359.489990234375,64872700,358.73046875
474,2023-07-19,361.75,362.459991455078,352.440002441406,355.079986572266,39732900,354.329803466797
475,2023-07-20,353.570007324219,357.970001220703,345.369995117188,346.869995117188,33778400,346.137145996094
476,2023-07-21,349.149993896484,350.299987792969,339.829986572266,343.769989013672,69368900,343.043701171875
477,2023-07-24,345.850006103516,346.920013427734,342.309997558594,345.109985351562,26678100,344.380859375
478,2023-07-25,347.109985351562,351.890014648438,345.070007324219,350.980010986328,41637700,350.238464355469
479,2023-07-26,341.440002441406,344.670013427734,333.109985351562,337.769989013672,58383700,337.056365966797
480,2023-07-27,340.480010986328,341.329986572266,329.049987792969,330.720001220703,39635300,330.021270751953
481,2023-07-28,333.670013427734,340.010009765625,333.170013427734,338.369995117188,28484900,337.655090332031
482,2023-07-31,336.920013427734,337.700012207031,333.359985351562,335.920013427734,25446000,335.210296630859
483,2023-08-01,335.190002441406,338.540008544922,333.700012207031,336.339996337891,18311900,335.62939453125
484,2023-08-02,333.630004882812,333.630004882812,326.359985351562,327.5,27761300,326.808074951172
485,2023-08-03,326,329.880004882812,325.950012207031,326.660003662109,18253700,325.969848632812
486,2023-08-04,331.880004882812,335.140014648438,327.239990234375,327.779998779297,23727700,327.087493896484
487,2023-08-07,328.369995117188,331.109985351562,327.519989013672,330.109985351562,17741500,329.412536621094
488,2023-08-08,326.959991455078,328.75,323,326.049987792969,22327600,325.361114501953
489,2023-08-09,326.470001220703,327.109985351562,321.049987792969,322.230010986328,22373300,321.549224853516
490,2023-08-10,326.019989013672,328.260009765625,321.179992675781,322.929992675781,20113700,322.247711181641
491,2023-08-11,320.260009765625,322.410003662109,319.209991455078,321.010009765625,24342600,320.331787109375
492,2023-08-14,321.390014648438,324.059997558594,320.079986572266,324.040008544922,18836100,323.355407714844
493,2023-08-15,323,325.089996337891,320.899993896484,321.859985351562,16966300,321.179962158203
494,2023-08-16,320.799987792969,324.420013427734,319.799987792969,320.399993896484,20698900,320.399993896484
495,2023-08-17,320.540008544922,321.869995117188,316.209991455078,316.880004882812,21257200,316.880004882812
496,2023-08-18,314.489990234375,318.380004882812,311.549987792969,316.480010986328,24744800,316.480010986328
497,2023-08-21,317.929992675781,322.769989013672,317.040008544922,321.880004882812,24040000,321.880004882812
498,2023-08-22,325.5,326.079986572266,321.459991455078,322.459991455078,16102000,322.459991455078
499,2023-08-23,323.820007324219,329.200012207031,323.459991455078,327,21166400,327
500,2023-08-24,332.850006103516,332.980010986328,319.959991455078,319.970001220703,23281400,319.970001220703
501,2023-08-25,321.470001220703,325.359985351562,318.799987792969,322.980010986328,21671400,322.980010986328
